PlotID,SiteNum,RowNum,ColNum,Position,PlotName,SiteName,CropName,CropTrt,SamplingWeek,Month,Day,year,Height_cm,Height_mm,CHL,SPAD,TotCH(ug cm-2)
145,5,1,1,511,SP_SHVB-1,SP,SH,SHVB,4,12,18,2018,9,90,NA,NA,NA
145,5,1,1,511,SP_SHVB-1,SP,SH,SHVB,4,12,18,2018,12.5,125,NA,NA,NA
145,5,1,1,511,SP_SHVB-1,SP,SH,SHVB,4,12,18,2018,10,100,NA,NA,NA
145,5,1,1,511,SP_SHVB-1,SP,VB,SHVB,4,12,18,2018,8.5,85,42.6,32.1,27.2
145,5,1,1,511,SP_SHVB-1,SP,VB,SHVB,4,12,18,2018,17.6,176,57,46.3,47.1
145,5,1,1,511,SP_SHVB-1,SP,VB,SHVB,4,12,18,2018,11.8,118,41.5,31,25.8
146,5,1,2,512,SP_SSVB-1,SP,SS,SSVB,4,12,18,2018,2.7,27,16.6,NA,NA
146,5,1,2,512,SP_SSVB-1,SP,SS,SSVB,4,12,18,2018,9,90,31.3,20.9,14.1
146,5,1,2,512,SP_SSVB-1,SP,SS,SSVB,4,12,18,2018,11.5,115,19.9,NA,NA
146,5,1,2,512,SP_SSVB-1,SP,VB,SSVB,4,12,18,2018,7.6,76,63.3,52.6,56.9
146,5,1,2,512,SP_SSVB-1,SP,VB,SSVB,4,12,18,2018,17.5,175,54.8,44.2,43.8
146,5,1,2,512,SP_SSVB-1,SP,VB,SSVB,4,12,18,2018,12,120,63.5,52.8,57.2
147,5,1,3,513,SP_SHSS-1,SP,SH,SHSS,4,12,18,2018,8.5,85,41.1,30.6,25.3
147,5,1,3,513,SP_SHSS-1,SP,SH,SHSS,4,12,18,2018,9.5,95,44.3,33.8,29.4
147,5,1,3,513,SP_SHSS-1,SP,SH,SHSS,4,12,18,2018,11.2,112,41,30.5,25.2
147,5,1,3,513,SP_SHSS-1,SP,SS,SHSS,4,12,18,2018,8,80,31.5,21.1,14.3
147,5,1,3,513,SP_SHSS-1,SP,SS,SHSS,4,12,18,2018,13.5,135,28.9,18.5,11.6
147,5,1,3,513,SP_SHSS-1,SP,SS,SHSS,4,12,18,2018,10.5,105,29.7,19.3,12.5
148,5,1,4,514,SP_SS-1,SP,SS,SS,4,12,18,2018,5.3,53,21.2,10.9,4.3
148,5,1,4,514,SP_SS-1,SP,SS,SS,4,12,18,2018,12.5,125,29.7,19.3,12.5
148,5,1,4,514,SP_SS-1,SP,SS,SS,4,12,18,2018,10.5,105,16.7,NA,NA
149,5,1,5,515,SP_VB-1,SP,VB,VB,4,12,18,2018,11.5,115,39,28.5,22.8
149,5,1,5,515,SP_VB-1,SP,VB,VB,4,12,18,2018,13.5,135,61.2,50.5,53.6
149,5,1,5,515,SP_VB-1,SP,VB,VB,4,12,18,2018,12,120,45.3,34.7,30.7
151,5,2,1,521,SP_SHSS-2,SP,SH,SHSS,4,12,18,2018,8.5,85,39.3,28.8,23.2
151,5,2,1,521,SP_SHSS-2,SP,SH,SHSS,4,12,18,2018,13,130,56.3,45.6,46
151,5,2,1,521,SP_SHSS-2,SP,SH,SHSS,4,12,18,2018,12,120,26.8,16.4,9.5
151,5,2,1,521,SP_SHSS-2,SP,SS,SHSS,4,12,18,2018,8,80,26.3,15.9,9
151,5,2,1,521,SP_SHSS-2,SP,SS,SHSS,4,12,18,2018,15,150,23.2,12.9,6.1
151,5,2,1,521,SP_SHSS-2,SP,SS,SHSS,4,12,18,2018,12.5,125,24.5,14.2,7.3
152,5,2,2,522,SP_SS-2,SP,SS,SS,4,12,18,2018,8,80,29.2,18.8,11.9
152,5,2,2,522,SP_SS-2,SP,SS,SS,4,12,18,2018,14,140,30.2,19.8,13
152,5,2,2,522,SP_SS-2,SP,SS,SS,4,12,18,2018,11,110,30.4,20,13.2
153,5,2,3,523,SP_SHVB-2,SP,SH,SHVB,4,12,18,2018,8,80,42.5,32,27.1
153,5,2,3,523,SP_SHVB-2,SP,SH,SHVB,4,12,18,2018,14.5,145,43.7,33.2,28.6
153,5,2,3,523,SP_SHVB-2,SP,SH,SHVB,4,12,18,2018,11,110,40.9,30.4,25.1
153,5,2,3,523,SP_SHVB-2,SP,VB,SHVB,4,12,18,2018,8.5,85,58.5,47.8,49.4
153,5,2,3,523,SP_SHVB-2,SP,VB,SHVB,4,12,18,2018,16.5,165,63.1,52.4,56.6
153,5,2,3,523,SP_SHVB-2,SP,VB,SHVB,4,12,18,2018,12,120,57.2,46.5,47.4
154,5,2,4,524,SP_VB-2,SP,VB,VB,4,12,18,2018,8.5,85,59.7,49,51.2
154,5,2,4,524,SP_VB-2,SP,VB,VB,4,12,18,2018,13.5,135,56.4,45.7,46.2
154,5,2,4,524,SP_VB-2,SP,VB,VB,4,12,18,2018,10.5,105,61.8,51.1,54.5
156,5,2,6,526,VF_SSVB-2,SP,SS,SSVB,4,12,18,2018,5,50,28.8,18.4,11.5
156,5,2,6,526,VF_SSVB-2,SP,SS,SSVB,4,12,18,2018,15,150,21.4,11.1,4.5
156,5,2,6,526,VF_SSVB-2,SP,SS,SSVB,4,12,18,2018,11,110,26.3,15.9,9
156,5,2,6,526,VF_SSVB-2,SP,VB,SSVB,4,12,18,2018,9.5,95,55.7,45,45.1
156,5,2,6,526,VF_SSVB-2,SP,VB,SSVB,4,12,18,2018,19,190,60.7,50,52.8
156,5,2,6,526,VF_SSVB-2,SP,VB,SSVB,4,12,18,2018,12,120,58.9,48.2,50
157,5,3,1,531,SP_SS-3,SP,SS,SS,4,12,18,2018,9.2,92,24.5,14.2,7.3
157,5,3,1,531,SP_SS-3,SP,SS,SS,4,12,18,2018,13.5,135,25.6,15.2,8.4
157,5,3,1,531,SP_SS-3,SP,SS,SS,4,12,18,2018,10,100,23.1,12.8,6
158,5,3,2,532,SP_SHVB-3,SP,SH,SHVB,4,12,18,2018,8,80,NA,NA,NA
158,5,3,2,532,SP_SHVB-3,SP,SH,SHVB,4,12,18,2018,9.5,95,NA,NA,NA
158,5,3,2,532,SP_SHVB-3,SP,SH,SHVB,4,12,18,2018,8.5,85,NA,NA,NA
158,5,3,2,532,SP_SHVB-3,SP,VB,SHVB,4,12,18,2018,7.6,76,60.1,49.4,51.8
158,5,3,2,532,SP_SHVB-3,SP,VB,SHVB,4,12,18,2018,11.8,118,55.9,45.2,45.4
158,5,3,2,532,SP_SHVB-3,SP,VB,SHVB,4,12,18,2018,10.5,105,55.6,44.9,45
159,5,3,3,533,SP_SSVB-3,SP,SS,SSVB,4,12,18,2018,7,70,26.2,15.8,9
159,5,3,3,533,SP_SSVB-3,SP,SS,SSVB,4,12,18,2018,15,150,24.6,14.3,7.4
159,5,3,3,533,SP_SSVB-3,SP,SS,SSVB,4,12,18,2018,11,110,27.9,17.5,10.6
159,5,3,3,533,SP_SSVB-3,SP,VB,SSVB,4,12,18,2018,6.9,69,66.3,55.5,61.8
159,5,3,3,533,SP_SSVB-3,SP,VB,SSVB,4,12,18,2018,15.5,155,58.8,48.1,49.8
159,5,3,3,533,SP_SSVB-3,SP,VB,SSVB,4,12,18,2018,12.5,125,40.2,29.7,24.2
160,5,3,4,534,SP_SH-3,SP,SH,SH,4,12,18,2018,6.5,65,38.9,28.4,22.7
160,5,3,4,534,SP_SH-3,SP,SH,SH,4,12,18,2018,15.5,155,59.8,49.1,51.4
160,5,3,4,534,SP_SH-3,SP,SH,SH,4,12,18,2018,10.5,105,23.7,13.4,6.6
161,5,3,5,535,SP_SHSS-3,SP,SH,SHSS,4,12,18,2018,8.2,82,NA,NA,NA
161,5,3,5,535,SP_SHSS-3,SP,SH,SHSS,4,12,18,2018,12.6,126,NA,NA,NA
161,5,3,5,535,SP_SHSS-3,SP,SH,SHSS,4,12,18,2018,10,100,NA,NA,NA
161,5,3,5,535,SP_SHSS-3,SP,SS,SHSS,4,12,18,2018,8,80,28.5,18.1,11.2
161,5,3,5,535,SP_SHSS-3,SP,SS,SHSS,4,12,18,2018,13,130,35.9,25.4,19.2
161,5,3,5,535,SP_SHSS-3,SP,SS,SHSS,4,12,18,2018,9,90,23.1,12.8,6
162,5,3,6,536,SP_VB-3,SP,VB,VB,4,12,18,2018,7,70,57.6,46.9,48
162,5,3,6,536,SP_VB-3,SP,VB,VB,4,12,18,2018,15,150,59.4,48.7,50.7
162,5,3,6,536,SP_VB-3,SP,VB,VB,4,12,18,2018,13,130,58.9,48.2,50
163,5,4,1,541,SP_VB-4,SP,VB,VB,4,12,18,2018,7.5,75,43,32.5,27.7
163,5,4,1,541,SP_VB-4,SP,VB,VB,4,12,18,2018,17,170,56.8,46.1,46.8
163,5,4,1,541,SP_VB-4,SP,VB,VB,4,12,18,2018,10,100,46.7,36.1,32.5
165,5,4,3,543,SP_SS-4,SP,SS,SS,4,12,18,2018,6.8,68,32.5,22.1,15.4
165,5,4,3,543,SP_SS-4,SP,SS,SS,4,12,18,2018,16,160,20.7,10.4,3.9
165,5,4,3,543,SP_SS-4,SP,SS,SS,4,12,18,2018,10.5,105,21,10.7,4.1
166,5,4,4,544,SP_SHVB-4,SP,SH,SHVB,4,12,18,2018,9.5,95,45,34.5,30.3
166,5,4,4,544,SP_SHVB-4,SP,SH,SHVB,4,12,18,2018,16,160,12.8,NA,NA
166,5,4,4,544,SP_SHVB-4,SP,SH,SHVB,4,12,18,2018,10.5,105,42.8,32.3,27.5
166,5,4,4,544,SP_SHVB-4,SP,VB,SHVB,4,12,18,2018,8.5,85,54.7,44.1,43.7
166,5,4,4,544,SP_SHVB-4,SP,VB,SHVB,4,12,18,2018,15.3,153,57.9,47.2,48.4
166,5,4,4,544,SP_SHVB-4,SP,VB,SHVB,4,12,18,2018,13,130,61.2,50.5,53.6
167,5,4,5,545,SP_SSVB-4,SP,SS,SSVB,4,12,18,2018,7,70,25.8,15.4,8.6
167,5,4,5,545,SP_SSVB-4,SP,SS,SSVB,4,12,18,2018,16.5,165,32,21.6,14.9
167,5,4,5,545,SP_SSVB-4,SP,SS,SSVB,4,12,18,2018,14.5,145,30.7,20.3,13.5
167,5,4,5,545,SP_SSVB-4,SP,VB,SSVB,4,12,18,2018,7.1,71,59,48.3,50.1
167,5,4,5,545,SP_SSVB-4,SP,VB,SSVB,4,12,18,2018,16,160,55.1,44.4,44.3
167,5,4,5,545,SP_SSVB-4,SP,VB,SSVB,4,12,18,2018,11,110,59.2,48.5,50.4
168,5,4,6,546,SP_SHSS-4,SP,SS,SHSS,4,12,18,2018,8,80,29,18.6,11.7
168,5,4,6,546,SP_SHSS-4,SP,SS,SHSS,4,12,18,2018,12.5,125,32.9,22.5,15.8
168,5,4,6,546,SP_SHSS-4,SP,SS,SHSS,4,12,18,2018,10,100,22.3,12,5.3
170,5,5,2,552,SP_SHSS-5,SP,SH,SHSS,4,12,18,2018,9.8,98,39.1,28.6,22.9
170,5,5,2,552,SP_SHSS-5,SP,SH,SHSS,4,12,18,2018,12.5,125,15.4,NA,NA
170,5,5,2,552,SP_SHSS-5,SP,SH,SHSS,4,12,18,2018,10.5,105,45.7,35.1,31.2
170,5,5,2,552,SP_SHSS-5,SP,SS,SHSS,4,12,18,2018,8,80,38.2,27.7,21.9
170,5,5,2,552,SP_SHSS-5,SP,SS,SHSS,4,12,18,2018,12.8,128,22.9,12.6,5.8
170,5,5,2,552,SP_SHSS-5,SP,SS,SHSS,4,12,18,2018,10.5,105,31,20.6,13.8
171,5,5,3,553,SP_VB-5,SP,VB,VB,4,12,18,2018,9,90,57.6,46.9,48
171,5,5,3,553,SP_VB-5,SP,VB,VB,4,12,18,2018,16,160,60.7,50,52.8
171,5,5,3,553,SP_VB-5,SP,VB,VB,4,12,18,2018,14,140,62.8,52.1,56.1
172,5,5,4,554,SP_SSVB-5,SP,SS,SSVB,4,12,18,2018,8,80,34.4,24,17.5
172,5,5,4,554,SP_SSVB-5,SP,SS,SSVB,4,12,18,2018,13,130,30.1,19.7,12.9
172,5,5,4,554,SP_SSVB-5,SP,SS,SSVB,4,12,18,2018,10,100,30.5,20.1,13.3
172,5,5,4,554,SP_SSVB-5,SP,VB,SSVB,4,12,18,2018,7.4,74,59.7,49,51.2
172,5,5,4,554,SP_SSVB-5,SP,VB,SSVB,4,12,18,2018,18.5,185,60.1,49.4,51.8
172,5,5,4,554,SP_SSVB-5,SP,VB,SSVB,4,12,18,2018,17,170,53.5,42.9,41.9
173,5,5,5,555,SP_SHVB-5,SP,SH,SHVB,4,12,18,2018,8,80,36.3,25.8,19.6
173,5,5,5,555,SP_SHVB-5,SP,SH,SHVB,4,12,18,2018,13,130,46.8,36.2,32.6
173,5,5,5,555,SP_SHVB-5,SP,SH,SHVB,4,12,18,2018,11.5,115,43.5,33,28.3
173,5,5,5,555,SP_SHVB-5,SP,VB,SHVB,4,12,18,2018,8.2,82,61.2,50.5,53.6
173,5,5,5,555,SP_SHVB-5,SP,VB,SHVB,4,12,18,2018,19,190,57.4,46.7,47.7
173,5,5,5,555,SP_SHVB-5,SP,VB,SHVB,4,12,18,2018,16,160,54.7,44.1,43.7
174,5,5,6,556,SP_SS-5,SP,SS,SS,4,12,18,2018,8.5,85,18.9,NA,NA
174,5,5,6,556,SP_SS-5,SP,SS,SS,4,12,18,2018,15,150,21.3,11,4.4
174,5,5,6,556,SP_SS-5,SP,SS,SS,4,12,18,2018,11,110,20.5,10.2,3.7
175,5,6,1,561,SP_SSVB-6,SP,SS,SSVB,4,12,18,2018,7.5,75,21.1,10.8,4.2
175,5,6,1,561,SP_SSVB-6,SP,SS,SSVB,4,12,18,2018,12.5,125,26.2,15.8,9
175,5,6,1,561,SP_SSVB-6,SP,SS,SSVB,4,12,18,2018,11,110,27.3,16.9,10
175,5,6,1,561,SP_SSVB-6,SP,VB,SSVB,4,12,18,2018,8.2,82,54.4,43.8,43.2
175,5,6,1,561,SP_SSVB-6,SP,VB,SSVB,4,12,18,2018,19,190,37.6,27.1,21.2
175,5,6,1,561,SP_SSVB-6,SP,VB,SSVB,4,12,18,2018,12,120,56,45.3,45.6
176,5,6,2,562,SP_VB-6,SP,VB,VB,4,12,18,2018,8.5,85,61.8,51.1,54.5
176,5,6,2,562,SP_VB-6,SP,VB,VB,4,12,18,2018,15,150,53.3,42.7,41.6
176,5,6,2,562,SP_VB-6,SP,VB,VB,4,12,18,2018,10.5,105,61.2,50.5,53.6
179,5,6,5,565,SP_SS-6,SP,SS,SS,4,12,18,2018,6.3,63,25.8,15.4,8.6
179,5,6,5,565,SP_SS-6,SP,SS,SS,4,12,18,2018,16.7,167,31.4,21,14.2
179,5,6,5,565,SP_SS-6,SP,SS,SS,4,12,18,2018,13,130,33.3,22.9,16.3
181,6,1,1,611,AG_SS-1,AG,SS,SS,4,12,18,2018,8,80,32.4,22,15.3
181,6,1,1,611,AG_SS-1,AG,SS,SS,4,12,18,2018,14,140,30.6,20.2,13.4
181,6,1,1,611,AG_SS-1,AG,SS,SS,4,12,18,2018,12.5,125,22.7,12.4,5.7
182,6,1,2,612,AG_SH-1,AG,SH,SH,4,12,18,2018,11,110,38.5,28,22.2
182,6,1,2,612,AG_SH-1,AG,SH,SH,4,12,18,2018,24,240,38.3,27.8,22
182,6,1,2,612,AG_SH-1,AG,SH,SH,4,12,18,2018,15,150,36.9,26.4,20.3
183,6,1,3,613,AG_SSVB-1,AG,SS,SSVB,4,12,18,2018,6.8,68,35.8,25.3,19.1
183,6,1,3,613,AG_SSVB-1,AG,SS,SSVB,4,12,18,2018,19,190,38.2,27.7,21.9
183,6,1,3,613,AG_SSVB-1,AG,SS,SSVB,4,12,18,2018,15,150,37.8,27.3,21.4
183,6,1,3,613,AG_SSVB-1,AG,VB,SSVB,4,12,18,2018,11.5,115,60.6,49.9,52.6
183,6,1,3,613,AG_SSVB-1,AG,VB,SSVB,4,12,18,2018,17.5,175,57.6,46.9,48
183,6,1,3,613,AG_SSVB-1,AG,VB,SSVB,4,12,18,2018,15,150,56.6,45.9,46.5
184,6,1,4,614,AG_SHVB-1,AG,SH,SHVB,4,12,18,2018,7,70,35.5,25,18.7
184,6,1,4,614,AG_SHVB-1,AG,SH,SHVB,4,12,18,2018,22,220,41.3,30.8,25.6
184,6,1,4,614,AG_SHVB-1,AG,SH,SHVB,4,12,18,2018,18,180,38.9,28.4,22.7
184,6,1,4,614,AG_SHVB-1,AG,VB,SHVB,4,12,18,2018,10.5,105,51,40.4,38.4
184,6,1,4,614,AG_SHVB-1,AG,VB,SHVB,4,12,18,2018,15,150,62.4,51.7,55.5
184,6,1,4,614,AG_SHVB-1,AG,VB,SHVB,4,12,18,2018,13,130,60.1,49.4,51.8
185,6,1,5,615,AG_SHSS-1,AG,SH,SHSS,4,12,18,2018,11.5,115,40.4,29.9,24.5
185,6,1,5,615,AG_SHSS-1,AG,SH,SHSS,4,12,18,2018,20,200,45.5,34.9,30.9
185,6,1,5,615,AG_SHSS-1,AG,SH,SHSS,4,12,18,2018,15,150,43.2,32.7,28
185,6,1,5,615,AG_SHSS-1,AG,SS,SHSS,4,12,18,2018,12,120,34,23.6,17.1
185,6,1,5,615,AG_SHSS-1,AG,SS,SHSS,4,12,18,2018,20,200,36.7,26.2,20.1
185,6,1,5,615,AG_SHSS-1,AG,SS,SHSS,4,12,18,2018,13,130,43.8,33.3,28.7
186,6,1,6,616,AG_VB-1,AG,VB,VB,4,12,18,2018,9.5,95,60.5,49.8,52.5
186,6,1,6,616,AG_VB-1,AG,VB,VB,4,12,18,2018,22,220,59.5,48.8,50.9
186,6,1,6,616,AG_VB-1,AG,VB,VB,4,12,18,2018,13,130,57.3,46.6,47.5
187,6,2,1,621,AG_SH-2,AG,SH,SH,4,12,18,2018,11.5,115,36.3,25.8,19.6
187,6,2,1,621,AG_SH-2,AG,SH,SH,4,12,18,2018,22,220,35.4,24.9,18.6
187,6,2,1,621,AG_SH-2,AG,SH,SH,4,12,18,2018,16,160,43.4,32.9,28.2
188,6,2,2,622,AG_SHSS-2,AG,SH,SHSS,4,12,18,2018,12.5,125,39.5,29,23.4
188,6,2,2,622,AG_SHSS-2,AG,SH,SHSS,4,12,18,2018,19.5,195,32.5,22.1,15.4
188,6,2,2,622,AG_SHSS-2,AG,SH,SHSS,4,12,18,2018,15,150,37.4,26.9,20.9
188,6,2,2,622,AG_SHSS-2,AG,SS,SHSS,4,12,18,2018,7.8,78,41.6,31.1,26
188,6,2,2,622,AG_SHSS-2,AG,SS,SHSS,4,12,18,2018,20.5,205,37.5,27,21
188,6,2,2,622,AG_SHSS-2,AG,SS,SHSS,4,12,18,2018,17,170,35.4,24.9,18.6
189,6,2,3,623,AG_SHVB-2,AG,SH,SHVB,4,12,18,2018,12,120,40.3,29.8,24.4
189,6,2,3,623,AG_SHVB-2,AG,SH,SHVB,4,12,18,2018,19,190,32.5,22.1,15.4
189,6,2,3,623,AG_SHVB-2,AG,SH,SHVB,4,12,18,2018,15,150,42.2,31.7,26.7
189,6,2,3,623,AG_SHVB-2,AG,VB,SHVB,4,12,18,2018,10.3,103,52.1,41.5,39.9
189,6,2,3,623,AG_SHVB-2,AG,VB,SHVB,4,12,18,2018,24.5,245,57.1,46.4,47.2
189,6,2,3,623,AG_SHVB-2,AG,VB,SHVB,4,12,18,2018,15,150,56.5,45.8,46.3
190,6,2,4,624,AG_SS-2,AG,SS,SS,4,12,18,2018,7.5,75,35.2,24.7,18.4
190,6,2,4,624,AG_SS-2,AG,SS,SS,4,12,18,2018,17,170,38.1,27.6,21.7
190,6,2,4,624,AG_SS-2,AG,SS,SS,4,12,18,2018,12,120,30.9,20.5,13.7
191,6,2,5,625,AG_VB-2,AG,VB,VB,4,12,18,2018,8.5,85,60.9,50.2,53.1
191,6,2,5,625,AG_VB-2,AG,VB,VB,4,12,18,2018,27,270,58.3,47.6,49.1
191,6,2,5,625,AG_VB-2,AG,VB,VB,4,12,18,2018,15,150,51.1,40.5,38.5
192,6,2,6,626,AG_SSVB-2,AG,SS,SSVB,4,12,18,2018,9,90,30.3,19.9,13.1
192,6,2,6,626,AG_SSVB-2,AG,SS,SSVB,4,12,18,2018,15,150,32.1,21.7,15
192,6,2,6,626,AG_SSVB-2,AG,SS,SSVB,4,12,18,2018,12,120,38.5,28,22.2
192,6,2,6,626,AG_SSVB-2,AG,VB,SSVB,4,12,18,2018,9,90,60.2,49.5,52
192,6,2,6,626,AG_SSVB-2,AG,VB,SSVB,4,12,18,2018,15,150,51.5,40.9,39.1
192,6,2,6,626,AG_SSVB-2,AG,VB,SSVB,4,12,18,2018,12,120,52.2,41.6,40.1
193,6,3,1,631,AG_SHVB-3,AG,SH,SHVB,4,12,18,2018,11,110,39.5,29,23.4
193,6,3,1,631,AG_SHVB-3,AG,SH,SHVB,4,12,18,2018,17.5,175,39.7,29.2,23.6
193,6,3,1,631,AG_SHVB-3,AG,SH,SHVB,4,12,18,2018,16,160,39.1,28.6,22.9
193,6,3,1,631,AG_SHVB-3,AG,VB,SHVB,4,12,18,2018,10.5,105,54.3,43.7,43.1
193,6,3,1,631,AG_SHVB-3,AG,VB,SHVB,4,12,18,2018,27,270,59,48.3,50.1
193,6,3,1,631,AG_SHVB-3,AG,VB,SHVB,4,12,18,2018,18,180,59.5,48.8,50.9
194,6,3,2,632,AG_SS-3,AG,SS,SS,4,12,18,2018,8.5,85,31.9,21.5,14.8
194,6,3,2,632,AG_SS-3,AG,SS,SS,4,12,18,2018,14.5,145,29.1,18.7,11.8
194,6,3,2,632,AG_SS-3,AG,SS,SS,4,12,18,2018,12.5,125,34.5,24.1,17.6
195,6,3,3,633,AG_VB-3,AG,VB,VB,4,12,18,2018,6,60,61.8,51.1,54.5
195,6,3,3,633,AG_VB-3,AG,VB,VB,4,12,18,2018,29,290,62,51.3,54.8
195,6,3,3,633,AG_VB-3,AG,VB,VB,4,12,18,2018,16,160,59.1,48.4,50.3
196,6,3,4,634,AG_SSVB-3,AG,SS,SSVB,4,12,18,2018,9,90,30.1,19.7,12.9
196,6,3,4,634,AG_SSVB-3,AG,SS,SSVB,4,12,18,2018,16.5,165,28.9,18.5,11.6
196,6,3,4,634,AG_SSVB-3,AG,SS,SSVB,4,12,18,2018,13,130,35.2,24.7,18.4
196,6,3,4,634,AG_SSVB-3,AG,VB,SSVB,4,12,18,2018,12,120,59.7,49,51.2
196,6,3,4,634,AG_SSVB-3,AG,VB,SSVB,4,12,18,2018,26,260,57.6,46.9,48
196,6,3,4,634,AG_SSVB-3,AG,VB,SSVB,4,12,18,2018,15.5,155,60.9,50.2,53.1
197,6,3,5,635,AG_SH-3,AG,SH,SH,4,12,18,2018,11.5,115,34.3,23.9,17.4
197,6,3,5,635,AG_SH-3,AG,SH,SH,4,12,18,2018,21.5,215,46.8,36.2,32.6
197,6,3,5,635,AG_SH-3,AG,SH,SH,4,12,18,2018,15,150,43.7,33.2,28.6
198,6,3,6,636,AG_SHSS-3,AG,SH,SHSS,4,12,18,2018,10,100,37.5,27,21
198,6,3,6,636,AG_SHSS-3,AG,SH,SHSS,4,12,18,2018,18,180,45.5,34.9,30.9
198,6,3,6,636,AG_SHSS-3,AG,SH,SHSS,4,12,18,2018,14,140,35.5,25,18.7
198,6,3,6,636,AG_SHSS-3,AG,SS,SHSS,4,12,18,2018,8.5,85,34.8,24.4,17.9
198,6,3,6,636,AG_SHSS-3,AG,SS,SHSS,4,12,18,2018,14,140,32.9,22.5,15.8
198,6,3,6,636,AG_SHSS-3,AG,SS,SHSS,4,12,18,2018,10,100,30.1,19.7,12.9
199,6,4,1,641,AG_SSVB-4,AG,SS,SSVB,4,12,18,2018,6.5,65,30.6,20.2,13.4
199,6,4,1,641,AG_SSVB-4,AG,SS,SSVB,4,12,18,2018,13.5,135,28.4,18,11.1
199,6,4,1,641,AG_SSVB-4,AG,SS,SSVB,4,12,18,2018,9.5,95,21.4,11.1,4.5
199,6,4,1,641,AG_SSVB-4,AG,VB,SSVB,4,12,18,2018,9.5,95,57,46.3,47.1
199,6,4,1,641,AG_SSVB-4,AG,VB,SSVB,4,12,18,2018,19.5,195,57.5,46.8,47.8
199,6,4,1,641,AG_SSVB-4,AG,VB,SSVB,4,12,18,2018,10,100,60.1,49.4,51.8
200,6,4,2,642,AG_SHVB-4,AG,SH,SHVB,4,12,18,2018,8.5,85,39.5,29,23.4
200,6,4,2,642,AG_SHVB-4,AG,SH,SHVB,4,12,18,2018,17,170,39.1,28.6,22.9
200,6,4,2,642,AG_SHVB-4,AG,SH,SHVB,4,12,18,2018,15,150,31.5,21.1,14.3
200,6,4,2,642,AG_SHVB-4,AG,VB,SHVB,4,12,18,2018,8,80,57.7,47,48.1
200,6,4,2,642,AG_SHVB-4,AG,VB,SHVB,4,12,18,2018,31.5,315,57.7,47,48.1
200,6,4,2,642,AG_SHVB-4,AG,VB,SHVB,4,12,18,2018,16,160,61.1,50.4,53.4
201,6,4,3,643,AG_SHSS-4,AG,SH,SHSS,4,12,18,2018,8.5,85,35.7,25.2,19
201,6,4,3,643,AG_SHSS-4,AG,SH,SHSS,4,12,18,2018,20,200,32.3,21.9,15.2
201,6,4,3,643,AG_SHSS-4,AG,SH,SHSS,4,12,18,2018,16,160,35.5,25,18.7
201,6,4,3,643,AG_SHSS-4,AG,SS,SHSS,4,12,18,2018,8,80,36.6,26.1,20
201,6,4,3,643,AG_SHSS-4,AG,SS,SHSS,4,12,18,2018,13,130,33.2,22.8,16.2
201,6,4,3,643,AG_SHSS-4,AG,SS,SHSS,4,12,18,2018,11,110,31.8,21.4,14.7
202,6,4,4,644,AG_VB-4,AG,VB,VB,4,12,18,2018,8,80,57.2,46.5,47.4
202,6,4,4,644,AG_VB-4,AG,VB,VB,4,12,18,2018,27.5,275,60.5,49.8,52.5
202,6,4,4,644,AG_VB-4,AG,VB,VB,4,12,18,2018,16,160,61.8,51.1,54.5
203,6,4,5,645,AG_SS-4,AG,SS,SS,4,12,18,2018,7,70,34.8,24.4,17.9
203,6,4,5,645,AG_SS-4,AG,SS,SS,4,12,18,2018,16,160,34.1,23.7,17.2
203,6,4,5,645,AG_SS-4,AG,SS,SS,4,12,18,2018,12,120,25.6,15.2,8.4
204,6,4,6,646,AG_SH-4,AG,SH,SH,4,12,18,2018,7.5,75,46,35.4,31.6
204,6,4,6,646,AG_SH-4,AG,SH,SH,4,12,18,2018,18,180,27.2,16.8,9.9
204,6,4,6,646,AG_SH-4,AG,SH,SH,4,12,18,2018,13,130,51.5,40.9,39.1
205,6,5,1,651,AG_VB-5,AG,VB,VB,4,12,18,2018,8,80,56.5,45.8,46.3
205,6,5,1,651,AG_VB-5,AG,VB,VB,4,12,18,2018,30,300,58.4,47.7,49.2
205,6,5,1,651,AG_VB-5,AG,VB,VB,4,12,18,2018,16,160,52.5,41.9,40.5
206,6,5,2,652,AG_SSVB-5,AG,SS,SSVB,4,12,18,2018,6,60,30.5,20.1,13.3
206,6,5,2,652,AG_SSVB-5,AG,SS,SSVB,4,12,18,2018,11.5,115,26.8,16.4,9.5
206,6,5,2,652,AG_SSVB-5,AG,SS,SSVB,4,12,18,2018,9,90,29.3,18.9,12
206,6,5,2,652,AG_SSVB-5,AG,VB,SSVB,4,12,18,2018,8.5,85,29,18.6,11.7
206,6,5,2,652,AG_SSVB-5,AG,VB,SSVB,4,12,18,2018,30,300,60.7,50,52.8
206,6,5,2,652,AG_SSVB-5,AG,VB,SSVB,4,12,18,2018,16,160,57,46.3,47.1
207,6,5,3,653,AG_SH-5,AG,SH,SH,4,12,18,2018,8.8,88,44.8,34.3,30
207,6,5,3,653,AG_SH-5,AG,SH,SH,4,12,18,2018,18,180,35.6,25.1,18.8
207,6,5,3,653,AG_SH-5,AG,SH,SH,4,12,18,2018,15,150,43.2,32.7,28
208,6,5,4,654,AG_SHSS-5,AG,SH,SHSS,4,12,18,2018,7.5,75,38.1,27.6,21.7
208,6,5,4,654,AG_SHSS-5,AG,SH,SHSS,4,12,18,2018,17,170,38.8,28.3,22.6
208,6,5,4,654,AG_SHSS-5,AG,SH,SHSS,4,12,18,2018,14,140,37.7,27.2,21.3
208,6,5,4,654,AG_SHSS-5,AG,SS,SHSS,4,12,18,2018,8,80,23.5,13.2,6.4
208,6,5,4,654,AG_SHSS-5,AG,SS,SHSS,4,12,18,2018,12.5,125,36,25.5,19.3
208,6,5,4,654,AG_SHSS-5,AG,SS,SHSS,4,12,18,2018,10,100,28.9,18.5,11.6
209,6,5,5,655,AG_SHVB-5,AG,SH,SHVB,4,12,18,2018,11,110,38.3,27.8,22
209,6,5,5,655,AG_SHVB-5,AG,SH,SHVB,4,12,18,2018,19.5,195,38.7,28.2,22.4
209,6,5,5,655,AG_SHVB-5,AG,SH,SHVB,4,12,18,2018,13,130,43.3,32.8,28.1
209,6,5,5,655,AG_SHVB-5,AG,VB,SHVB,4,12,18,2018,8,80,56.8,46.1,46.8
209,6,5,5,655,AG_SHVB-5,AG,VB,SHVB,4,12,18,2018,30.5,305,63,52.3,56.4
209,6,5,5,655,AG_SHVB-5,AG,VB,SHVB,4,12,18,2018,17,170,61,50.3,53.2
210,6,5,6,656,AG_SS-5,AG,SS,SS,4,12,18,2018,7.4,74,25.5,15.1,8.3
210,6,5,6,656,AG_SS-5,AG,SS,SS,4,12,18,2018,13.5,135,24.9,14.6,7.7
210,6,5,6,656,AG_SS-5,AG,SS,SS,4,12,18,2018,10,100,27.6,17.2,10.3
211,6,6,1,661,AG_SHSS-6,AG,SH,SHSS,4,12,18,2018,8,80,40.1,29.6,24.1
211,6,6,1,661,AG_SHSS-6,AG,SH,SHSS,4,12,18,2018,19.5,195,42.6,32.1,27.2
211,6,6,1,661,AG_SHSS-6,AG,SH,SHSS,4,12,18,2018,16,160,42,31.5,26.5
211,6,6,1,661,AG_SHSS-6,AG,SS,SHSS,4,12,18,2018,8,80,32.2,21.8,15.1
211,6,6,1,661,AG_SHSS-6,AG,SS,SHSS,4,12,18,2018,14.5,145,29.5,19.1,12.3
211,6,6,1,661,AG_SHSS-6,AG,SS,SHSS,4,12,18,2018,12,120,21.7,11.4,4.8
212,6,6,2,662,AG_VB-6,AG,VB,VB,4,12,18,2018,8,80,58.2,47.5,48.9
212,6,6,2,662,AG_VB-6,AG,VB,VB,4,12,18,2018,23,230,61.4,50.7,53.9
212,6,6,2,662,AG_VB-6,AG,VB,VB,4,12,18,2018,14,140,57.7,47,48.1
213,6,6,3,663,AG_SS-6,AG,SS,SS,4,12,18,2018,5.5,55,23.4,13.1,6.3
213,6,6,3,663,AG_SS-6,AG,SS,SS,4,12,18,2018,14,140,36.4,25.9,19.8
213,6,6,3,663,AG_SS-6,AG,SS,SS,4,12,18,2018,10,100,23.2,12.9,6.1
214,6,6,4,664,AG_SH-6,AG,SH,SH,4,12,18,2018,10,100,37.7,27.2,21.3
214,6,6,4,664,AG_SH-6,AG,SH,SH,4,12,18,2018,19,190,37,26.5,20.5
214,6,6,4,664,AG_SH-6,AG,SH,SH,4,12,18,2018,16.5,165,37.3,26.8,20.8
215,6,6,5,665,AG_SSVB-6,AG,SS,SSVB,4,12,18,2018,6.5,65,31.5,21.1,14.3
215,6,6,5,665,AG_SSVB-6,AG,SS,SSVB,4,12,18,2018,16,160,29.9,19.5,12.7
215,6,6,5,665,AG_SSVB-6,AG,SS,SSVB,4,12,18,2018,11.5,115,24.7,14.4,7.5
215,6,6,5,665,AG_SSVB-6,AG,VB,SSVB,4,12,18,2018,10.6,106,58.2,47.5,48.9
215,6,6,5,665,AG_SSVB-6,AG,VB,SSVB,4,12,18,2018,25,250,56.3,45.6,46
215,6,6,5,665,AG_SSVB-6,AG,VB,SSVB,4,12,18,2018,15,150,57.2,46.5,47.4
216,6,6,6,666,AG_SHVB-6,AG,SH,SHVB,4,12,18,2018,8.6,86,40,29.5,24
216,6,6,6,666,AG_SHVB-6,AG,SH,SHVB,4,12,18,2018,17,170,42,31.5,26.5
216,6,6,6,666,AG_SHVB-6,AG,SH,SHVB,4,12,18,2018,13,130,41.4,30.9,25.7
216,6,6,6,666,AG_SHVB-6,AG,VB,SHVB,4,12,18,2018,7.5,75,58.4,47.7,49.2
216,6,6,6,666,AG_SHVB-6,AG,VB,SHVB,4,12,18,2018,18,180,60.2,49.5,52
216,6,6,6,666,AG_SHVB-6,AG,VB,SHVB,4,12,18,2018,14,140,62.1,51.4,55
145,5,1,1,511,SP_SHVB-1,SP,SH,SHVB,6,1,3,2018,8,80,54.9,44.3,44
145,5,1,1,511,SP_SHVB-1,SP,SH,SHVB,6,1,3,2018,10.5,105,54.9,44.3,44
145,5,1,1,511,SP_SHVB-1,SP,SH,SHVB,6,1,3,2018,9.5,95,49.3,38.7,36
145,5,1,1,511,SP_SHVB-1,SP,VB,SHVB,6,1,3,2018,15,150,47.4,36.8,33.4
145,5,1,1,511,SP_SHVB-1,SP,VB,SHVB,6,1,3,2018,30,300,42.1,31.6,26.6
145,5,1,1,511,SP_SHVB-1,SP,VB,SHVB,6,1,3,2018,17,170,55.1,44.4,44.3
146,5,1,2,512,SP_SSVB-1,SP,SS,SSVB,6,1,3,2018,10,100,31.1,20.7,13.9
146,5,1,2,512,SP_SSVB-1,SP,SS,SSVB,6,1,3,2018,20,200,27.5,17.1,10.2
146,5,1,2,512,SP_SSVB-1,SP,SS,SSVB,6,1,3,2018,14,140,33.7,23.3,16.7
146,5,1,2,512,SP_SSVB-1,SP,VB,SSVB,6,1,3,2018,12,120,43.8,33.3,28.7
146,5,1,2,512,SP_SSVB-1,SP,VB,SSVB,6,1,3,2018,21,210,29.3,18.9,12
146,5,1,2,512,SP_SSVB-1,SP,VB,SSVB,6,1,3,2018,17,170,46.7,36.1,32.5
147,5,1,3,513,SP_SHSS-1,SP,SH,SHSS,6,1,3,2018,5,50,53.3,42.7,41.6
147,5,1,3,513,SP_SHSS-1,SP,SH,SHSS,6,1,3,2018,22,220,45.7,35.1,31.2
147,5,1,3,513,SP_SHSS-1,SP,SH,SHSS,6,1,3,2018,10,100,52.2,41.6,40.1
147,5,1,3,513,SP_SHSS-1,SP,SS,SHSS,6,1,3,2018,11,110,28.5,18.1,11.2
147,5,1,3,513,SP_SHSS-1,SP,SS,SHSS,6,1,3,2018,20,200,35,24.5,18.2
147,5,1,3,513,SP_SHSS-1,SP,SS,SHSS,6,1,3,2018,16,160,33.3,22.9,16.3
148,5,1,4,514,SP_SS-1,SP,SS,SS,6,1,3,2018,10,100,26.2,15.8,9
148,5,1,4,514,SP_SS-1,SP,SS,SS,6,1,3,2018,19,190,29.2,18.8,11.9
148,5,1,4,514,SP_SS-1,SP,SS,SS,6,1,3,2018,16,160,28.1,17.7,10.8
151,5,2,1,521,SP_SHSS-2,SP,SH,SHSS,6,1,3,2018,10,100,49.4,38.8,36.1
151,5,2,1,521,SP_SHSS-2,SP,SS,SHSS,6,1,3,2018,12,120,42,31.5,26.5
151,5,2,1,521,SP_SHSS-2,SP,SS,SHSS,6,1,3,2018,21,210,40,29.5,24
151,5,2,1,521,SP_SHSS-2,SP,SS,SHSS,6,1,3,2018,16,160,34.1,23.7,17.2
152,5,2,2,522,SP_SS-2,SP,SS,SS,6,1,3,2018,12,120,22.9,12.6,5.8
152,5,2,2,522,SP_SS-2,SP,SS,SS,6,1,3,2018,22,220,19,NA,NA
152,5,2,2,522,SP_SS-2,SP,SS,SS,6,1,3,2018,16,160,33.1,22.7,16.1
153,5,2,3,523,SP_SHVB-2,SP,VB,SHVB,6,1,3,2018,13,130,35,24.5,18.2
153,5,2,3,523,SP_SHVB-2,SP,VB,SHVB,6,1,3,2018,18,180,38.7,28.2,22.4
153,5,2,3,523,SP_SHVB-2,SP,VB,SHVB,6,1,3,2018,16,160,33.4,23,16.4
154,5,2,4,524,SP_VB-2,SP,VB,VB,6,1,3,2018,13,130,39.8,29.3,23.8
154,5,2,4,524,SP_VB-2,SP,VB,VB,6,1,3,2018,35,350,34,23.6,17.1
154,5,2,4,524,SP_VB-2,SP,VB,VB,6,1,3,2018,16,160,36.9,26.4,20.3
156,5,2,6,526,VF_SSVB-2,SP,SS,SSVB,6,1,3,2018,13,130,42.9,32.4,27.6
156,5,2,6,526,VF_SSVB-2,SP,SS,SSVB,6,1,3,2018,19,190,30.1,19.7,12.9
156,5,2,6,526,VF_SSVB-2,SP,SS,SSVB,6,1,3,2018,16,160,40.1,29.6,24.1
156,5,2,6,526,VF_SSVB-2,SP,VB,SSVB,6,1,3,2018,11,110,48.2,37.6,34.5
156,5,2,6,526,VF_SSVB-2,SP,VB,SSVB,6,1,3,2018,33,330,42.2,31.7,26.7
156,5,2,6,526,VF_SSVB-2,SP,VB,SSVB,6,1,3,2018,13,130,44.6,34.1,29.8
157,5,3,1,531,SP_SS-3,SP,SS,SS,6,1,3,2018,10,100,28.2,17.8,10.9
157,5,3,1,531,SP_SS-3,SP,SS,SS,6,1,3,2018,17,170,35.8,25.3,19.1
157,5,3,1,531,SP_SS-3,SP,SS,SS,6,1,3,2018,15,150,22.2,11.9,5.2
158,5,3,2,532,SP_SHVB-3,SP,VB,SHVB,6,1,3,2018,8,80,30.2,19.8,13
158,5,3,2,532,SP_SHVB-3,SP,VB,SHVB,6,1,3,2018,12,120,30.6,20.2,13.4
158,5,3,2,532,SP_SHVB-3,SP,VB,SHVB,6,1,3,2018,17,170,32,21.6,14.9
159,5,3,3,533,SP_SSVB-3,SP,SS,SSVB,6,1,3,2018,10,100,26.5,16.1,9.2
159,5,3,3,533,SP_SSVB-3,SP,SS,SSVB,6,1,3,2018,19,190,29.9,19.5,12.7
159,5,3,3,533,SP_SSVB-3,SP,SS,SSVB,6,1,3,2018,12,120,32.6,22.2,15.5
159,5,3,3,533,SP_SSVB-3,SP,VB,SSVB,6,1,3,2018,14,140,53.7,43.1,42.2
159,5,3,3,533,SP_SSVB-3,SP,VB,SSVB,6,1,3,2018,22,220,38.7,28.2,22.4
159,5,3,3,533,SP_SSVB-3,SP,VB,SSVB,6,1,3,2018,17,170,30,19.6,12.8
161,5,3,5,535,SP_SHSS-3,SP,SS,SHSS,6,1,3,2018,12,120,28.6,18.2,11.3
161,5,3,5,535,SP_SHSS-3,SP,SS,SHSS,6,1,3,2018,20,200,34.4,24,17.5
161,5,3,5,535,SP_SHSS-3,SP,SS,SHSS,6,1,3,2018,17,170,30.6,20.2,13.4
162,5,3,6,536,SP_VB-3,SP,VB,VB,6,1,3,2018,11,110,40.1,29.6,24.1
162,5,3,6,536,SP_VB-3,SP,VB,VB,6,1,3,2018,30,300,36.8,26.3,20.2
162,5,3,6,536,SP_VB-3,SP,VB,VB,6,1,3,2018,17,170,35.9,25.4,19.2
163,5,4,1,541,SP_VB-4,SP,VB,VB,6,1,3,2018,11,110,40.2,29.7,24.2
165,5,4,3,543,SP_SS-4,SP,SS,SS,6,1,3,2018,13,130,34.7,24.3,17.8
165,5,4,3,543,SP_SS-4,SP,SS,SS,6,1,3,2018,23,230,39.3,28.8,23.2
165,5,4,3,543,SP_SS-4,SP,SS,SS,6,1,3,2018,17,170,32.1,21.7,15
166,5,4,4,544,SP_SHVB-4,SP,VB,SHVB,6,1,3,2018,10,100,46.7,36.1,32.5
166,5,4,4,544,SP_SHVB-4,SP,VB,SHVB,6,1,3,2018,35,350,46.7,36.1,32.5
166,5,4,4,544,SP_SHVB-4,SP,VB,SHVB,6,1,3,2018,13,130,44,33.5,29
167,5,4,5,545,SP_SSVB-4,SP,SS,SSVB,6,1,3,2018,11,110,31.8,21.4,14.7
167,5,4,5,545,SP_SSVB-4,SP,SS,SSVB,6,1,3,2018,19,190,40.9,30.4,25.1
167,5,4,5,545,SP_SSVB-4,SP,SS,SSVB,6,1,3,2018,16,160,28.6,18.2,11.3
167,5,4,5,545,SP_SSVB-4,SP,VB,SSVB,6,1,3,2018,13,130,44.1,33.6,29.1
167,5,4,5,545,SP_SSVB-4,SP,VB,SSVB,6,1,3,2018,35,350,55.8,45.1,45.3
167,5,4,5,545,SP_SSVB-4,SP,VB,SSVB,6,1,3,2018,23,230,50,39.4,37
168,5,4,6,546,SP_SHSS-4,SP,SS,SHSS,6,1,3,2018,12,120,36.1,25.6,19.4
168,5,4,6,546,SP_SHSS-4,SP,SS,SHSS,6,1,3,2018,18,180,36.6,26.1,20
168,5,4,6,546,SP_SHSS-4,SP,SS,SHSS,6,1,3,2018,16,160,35.1,24.6,18.3
170,5,5,2,552,SP_SHSS-5,SP,SS,SHSS,6,1,3,2018,12,120,43.4,32.9,28.2
170,5,5,2,552,SP_SHSS-5,SP,SS,SHSS,6,1,3,2018,16,160,27.5,17.1,10.2
170,5,5,2,552,SP_SHSS-5,SP,SS,SHSS,6,1,3,2018,14,140,34.3,23.9,17.4
171,5,5,3,553,SP_VB-5,SP,VB,VB,6,1,3,2018,14,140,55.6,44.9,45
171,5,5,3,553,SP_VB-5,SP,VB,VB,6,1,3,2018,35,350,50.8,40.2,38.1
171,5,5,3,553,SP_VB-5,SP,VB,VB,6,1,3,2018,16,160,37.4,26.9,20.9
172,5,5,4,554,SP_SSVB-5,SP,SS,SSVB,6,1,3,2018,8,80,32.9,22.5,15.8
172,5,5,4,554,SP_SSVB-5,SP,SS,SSVB,6,1,3,2018,19,190,36.1,25.6,19.4
172,5,5,4,554,SP_SSVB-5,SP,SS,SSVB,6,1,3,2018,15,150,17,NA,NA
172,5,5,4,554,SP_SSVB-5,SP,VB,SSVB,6,1,3,2018,11,110,35.7,25.2,19
172,5,5,4,554,SP_SSVB-5,SP,VB,SSVB,6,1,3,2018,40,400,27.9,17.5,10.6
172,5,5,4,554,SP_SSVB-5,SP,VB,SSVB,6,1,3,2018,18,180,39.1,28.6,22.9
173,5,5,5,555,SP_SHVB-5,SP,VB,SHVB,6,1,3,2018,12,120,48,37.4,34.2
173,5,5,5,555,SP_SHVB-5,SP,VB,SHVB,6,1,3,2018,32,320,54.6,44,43.5
173,5,5,5,555,SP_SHVB-5,SP,VB,SHVB,6,1,3,2018,14,140,37.7,27.2,21.3
174,5,5,6,556,SP_SS-5,SP,SS,SS,6,1,3,2018,11,110,27.5,17.1,10.2
174,5,5,6,556,SP_SS-5,SP,SS,SS,6,1,3,2018,20,200,26.5,16.1,9.2
174,5,5,6,556,SP_SS-5,SP,SS,SS,6,1,3,2018,16,160,29.7,19.3,12.5
175,5,6,1,561,SP_SSVB-6,SP,SS,SSVB,6,1,3,2018,10,100,42.8,32.3,27.5
175,5,6,1,561,SP_SSVB-6,SP,SS,SSVB,6,1,3,2018,17,170,34.5,24.1,17.6
175,5,6,1,561,SP_SSVB-6,SP,SS,SSVB,6,1,3,2018,15,150,30.8,20.4,13.6
175,5,6,1,561,SP_SSVB-6,SP,VB,SSVB,6,1,3,2018,12,120,31.3,20.9,14.1
175,5,6,1,561,SP_SSVB-6,SP,VB,SSVB,6,1,3,2018,20,200,29.8,19.4,12.6
175,5,6,1,561,SP_SSVB-6,SP,VB,SSVB,6,1,3,2018,14,140,39,28.5,22.8
176,5,6,2,562,SP_VB-6,SP,VB,VB,6,1,3,2018,10,100,43.3,32.8,28.1
176,5,6,2,562,SP_VB-6,SP,VB,VB,6,1,3,2018,22,220,38.1,27.6,21.7
176,5,6,2,562,SP_VB-6,SP,VB,VB,6,1,3,2018,14,140,35.7,25.2,19
179,5,6,5,565,SP_SS-6,SP,SS,SS,6,1,3,2018,10,100,16.4,NA,NA
179,5,6,5,565,SP_SS-6,SP,SS,SS,6,1,3,2018,18,180,32.9,22.5,15.8
179,5,6,5,565,SP_SS-6,SP,SS,SS,6,1,3,2018,14,140,39.8,29.3,23.8
181,6,1,1,611,AG_SS-1,AG,SS,SS,6,1,3,2018,17,170,26,15.6,8.8
181,6,1,1,611,AG_SS-1,AG,SS,SS,6,1,3,2018,30,300,29.4,19,12.1
181,6,1,1,611,AG_SS-1,AG,SS,SS,6,1,3,2018,20,200,46.7,36.1,32.5
182,6,1,2,612,AG_SH-1,AG,SH,SH,6,1,3,2018,25,250,48.7,38.1,35.2
182,6,1,2,612,AG_SH-1,AG,SH,SH,6,1,3,2018,60,600,47.4,36.8,33.4
182,6,1,2,612,AG_SH-1,AG,SH,SH,6,1,3,2018,45,450,53.7,43.1,42.2
183,6,1,3,613,AG_SSVB-1,AG,SS,SSVB,6,1,3,2018,23,230,42.1,31.6,26.6
183,6,1,3,613,AG_SSVB-1,AG,SS,SSVB,6,1,3,2018,37,370,44.7,34.2,29.9
183,6,1,3,613,AG_SSVB-1,AG,SS,SSVB,6,1,3,2018,26,260,39.7,29.2,23.6
183,6,1,3,613,AG_SSVB-1,AG,VB,SSVB,6,1,3,2018,15,150,50.3,39.7,37.4
183,6,1,3,613,AG_SSVB-1,AG,VB,SSVB,6,1,3,2018,42,420,44.9,34.4,30.1
183,6,1,3,613,AG_SSVB-1,AG,VB,SSVB,6,1,3,2018,27,270,46.4,35.8,32.1
184,6,1,4,614,AG_SHVB-1,AG,SH,SHVB,6,1,3,2018,35,350,57.5,46.8,47.8
184,6,1,4,614,AG_SHVB-1,AG,SH,SHVB,6,1,3,2018,60,600,45.2,34.6,30.5
184,6,1,4,614,AG_SHVB-1,AG,SH,SHVB,6,1,3,2018,45,450,50.6,40,37.8
184,6,1,4,614,AG_SHVB-1,AG,VB,SHVB,6,1,3,2018,20,200,52.5,41.9,40.5
184,6,1,4,614,AG_SHVB-1,AG,VB,SHVB,6,1,3,2018,51,510,51,40.4,38.4
184,6,1,4,614,AG_SHVB-1,AG,VB,SHVB,6,1,3,2018,35,350,60.2,49.5,52
185,6,1,5,615,AG_SHSS-1,AG,SH,SHSS,6,1,3,2018,32,320,56.6,45.9,46.5
185,6,1,5,615,AG_SHSS-1,AG,SH,SHSS,6,1,3,2018,60,600,56.1,45.4,45.7
185,6,1,5,615,AG_SHSS-1,AG,SH,SHSS,6,1,3,2018,43,430,54.9,44.3,44
185,6,1,5,615,AG_SHSS-1,AG,SS,SHSS,6,1,3,2018,30,300,51,40.4,38.4
185,6,1,5,615,AG_SHSS-1,AG,SS,SHSS,6,1,3,2018,40,400,39.9,29.4,23.9
185,6,1,5,615,AG_SHSS-1,AG,SS,SHSS,6,1,3,2018,32,320,41.1,30.6,25.3
186,6,1,6,616,AG_VB-1,AG,VB,VB,6,1,3,2018,17,170,53.8,43.2,42.4
186,6,1,6,616,AG_VB-1,AG,VB,VB,6,1,3,2018,45,450,44.8,34.3,30
186,6,1,6,616,AG_VB-1,AG,VB,VB,6,1,3,2018,35,350,45.8,35.2,31.3
187,6,2,1,621,AG_SH-2,AG,SH,SH,6,1,3,2018,27,270,47.7,37.1,33.8
187,6,2,1,621,AG_SH-2,AG,SH,SH,6,1,3,2018,50,500,58.1,47.4,48.8
187,6,2,1,621,AG_SH-2,AG,SH,SH,6,1,3,2018,35,350,51.1,40.5,38.5
188,6,2,2,622,AG_SHSS-2,AG,SH,SHSS,6,1,3,2018,30,300,50.4,39.8,37.5
188,6,2,2,622,AG_SHSS-2,AG,SH,SHSS,6,1,3,2018,45,450,43.5,33,28.3
188,6,2,2,622,AG_SHSS-2,AG,SH,SHSS,6,1,3,2018,32,320,29.7,19.3,12.5
188,6,2,2,622,AG_SHSS-2,AG,SS,SHSS,6,1,3,2018,24,240,41.5,31,25.8
188,6,2,2,622,AG_SHSS-2,AG,SS,SHSS,6,1,3,2018,27,270,42.6,32.1,27.2
188,6,2,2,622,AG_SHSS-2,AG,SS,SHSS,6,1,3,2018,25,250,38.3,27.8,22
189,6,2,3,623,AG_SHVB-2,AG,SH,SHVB,6,1,3,2018,30,300,59.4,48.7,50.7
189,6,2,3,623,AG_SHVB-2,AG,SH,SHVB,6,1,3,2018,50,500,54.1,43.5,42.8
189,6,2,3,623,AG_SHVB-2,AG,SH,SHVB,6,1,3,2018,40,400,50.1,39.5,37.1
189,6,2,3,623,AG_SHVB-2,AG,VB,SHVB,6,1,3,2018,27,270,45.7,35.1,31.2
189,6,2,3,623,AG_SHVB-2,AG,VB,SHVB,6,1,3,2018,50,500,49.6,39,36.4
189,6,2,3,623,AG_SHVB-2,AG,VB,SHVB,6,1,3,2018,38,380,55.9,45.2,45.4
190,6,2,4,624,AG_SS-2,AG,SS,SS,6,1,3,2018,20,200,36.7,26.2,20.1
190,6,2,4,624,AG_SS-2,AG,SS,SS,6,1,3,2018,30,300,38,27.5,21.6
190,6,2,4,624,AG_SS-2,AG,SS,SS,6,1,3,2018,27,270,41.9,31.4,26.3
191,6,2,5,625,AG_VB-2,AG,VB,VB,6,1,3,2018,30,300,47,36.4,32.9
191,6,2,5,625,AG_VB-2,AG,VB,VB,6,1,3,2018,55,550,49.7,39.1,36.6
191,6,2,5,625,AG_VB-2,AG,VB,VB,6,1,3,2018,38,380,49.5,38.9,36.3
192,6,2,6,626,AG_SSVB-2,AG,SS,SSVB,6,1,3,2018,12,120,33.8,23.4,16.8
192,6,2,6,626,AG_SSVB-2,AG,SS,SSVB,6,1,3,2018,25,250,35,24.5,18.2
192,6,2,6,626,AG_SSVB-2,AG,SS,SSVB,6,1,3,2018,20,200,29,18.6,11.7
192,6,2,6,626,AG_SSVB-2,AG,VB,SSVB,6,1,3,2018,15,150,69.3,58.5,66.9
192,6,2,6,626,AG_SSVB-2,AG,VB,SSVB,6,1,3,2018,42,420,53.5,42.9,41.9
192,6,2,6,626,AG_SSVB-2,AG,VB,SSVB,6,1,3,2018,25,250,38.3,27.8,22
193,6,3,1,631,AG_SHVB-3,AG,SH,SHVB,6,1,3,2018,20,200,54,43.4,42.6
193,6,3,1,631,AG_SHVB-3,AG,SH,SHVB,6,1,3,2018,37,370,41.4,30.9,25.7
193,6,3,1,631,AG_SHVB-3,AG,SH,SHVB,6,1,3,2018,30,300,40.1,29.6,24.1
193,6,3,1,631,AG_SHVB-3,AG,VB,SHVB,6,1,3,2018,20,200,49,38.4,35.6
193,6,3,1,631,AG_SHVB-3,AG,VB,SHVB,6,1,3,2018,40,400,58.9,48.2,50
193,6,3,1,631,AG_SHVB-3,AG,VB,SHVB,6,1,3,2018,34,340,56.8,46.1,46.8
194,6,3,2,632,AG_SS-3,AG,SS,SS,6,1,3,2018,18,180,42.6,32.1,27.2
194,6,3,2,632,AG_SS-3,AG,SS,SS,6,1,3,2018,32,320,35.1,24.6,18.3
194,6,3,2,632,AG_SS-3,AG,SS,SS,6,1,3,2018,25,250,39.6,29.1,23.5
195,6,3,3,633,AG_VB-3,AG,VB,VB,6,1,3,2018,15,150,50.9,40.3,38.2
195,6,3,3,633,AG_VB-3,AG,VB,VB,6,1,3,2018,40,400,46.9,36.3,32.8
195,6,3,3,633,AG_VB-3,AG,VB,VB,6,1,3,2018,25,250,49.5,38.9,36.3
196,6,3,4,634,AG_SSVB-3,AG,SS,SSVB,6,1,3,2018,20,200,45.4,34.8,30.8
196,6,3,4,634,AG_SSVB-3,AG,SS,SSVB,6,1,3,2018,33,330,40.4,29.9,24.5
196,6,3,4,634,AG_SSVB-3,AG,SS,SSVB,6,1,3,2018,27,270,43.2,32.7,28
196,6,3,4,634,AG_SSVB-3,AG,VB,SSVB,6,1,3,2018,16,160,53.2,42.6,41.5
196,6,3,4,634,AG_SSVB-3,AG,VB,SSVB,6,1,3,2018,48,480,59.4,48.7,50.7
196,6,3,4,634,AG_SSVB-3,AG,VB,SSVB,6,1,3,2018,34,340,61.6,50.9,54.2
197,6,3,5,635,AG_SH-3,AG,SH,SH,6,1,3,2018,37,370,52.1,41.5,39.9
197,6,3,5,635,AG_SH-3,AG,SH,SH,6,1,3,2018,55,550,44.4,33.9,29.5
197,6,3,5,635,AG_SH-3,AG,SH,SH,6,1,3,2018,45,450,52.2,41.6,40.1
198,6,3,6,636,AG_SHSS-3,AG,SH,SHSS,6,1,3,2018,20,200,50.4,39.8,37.5
198,6,3,6,636,AG_SHSS-3,AG,SH,SHSS,6,1,3,2018,37,370,55.7,45,45.1
198,6,3,6,636,AG_SHSS-3,AG,SH,SHSS,6,1,3,2018,30,300,47.7,37.1,33.8
198,6,3,6,636,AG_SHSS-3,AG,SS,SHSS,6,1,3,2018,12,120,36.4,25.9,19.8
198,6,3,6,636,AG_SHSS-3,AG,SS,SHSS,6,1,3,2018,20,200,37.2,26.7,20.7
198,6,3,6,636,AG_SHSS-3,AG,SS,SHSS,6,1,3,2018,15,150,33,22.6,16
199,6,4,1,641,AG_SSVB-4,AG,SS,SSVB,6,1,3,2018,10,100,39.2,28.7,23
199,6,4,1,641,AG_SSVB-4,AG,SS,SSVB,6,1,3,2018,20,200,38.5,28,22.2
199,6,4,1,641,AG_SSVB-4,AG,SS,SSVB,6,1,3,2018,13,130,41.1,30.6,25.3
199,6,4,1,641,AG_SSVB-4,AG,VB,SSVB,6,1,3,2018,12,120,40.3,29.8,24.4
199,6,4,1,641,AG_SSVB-4,AG,VB,SSVB,6,1,3,2018,40,400,51.1,40.5,38.5
199,6,4,1,641,AG_SSVB-4,AG,VB,SSVB,6,1,3,2018,30,300,45.8,35.2,31.3
200,6,4,2,642,AG_SHVB-4,AG,SH,SHVB,6,1,3,2018,17,170,58.9,48.2,50
200,6,4,2,642,AG_SHVB-4,AG,SH,SHVB,6,1,3,2018,40,400,55.1,44.4,44.3
200,6,4,2,642,AG_SHVB-4,AG,SH,SHVB,6,1,3,2018,25,250,53.2,42.6,41.5
200,6,4,2,642,AG_SHVB-4,AG,VB,SHVB,6,1,3,2018,16,160,52.1,41.5,39.9
200,6,4,2,642,AG_SHVB-4,AG,VB,SHVB,6,1,3,2018,50,500,40.2,29.7,24.2
200,6,4,2,642,AG_SHVB-4,AG,VB,SHVB,6,1,3,2018,25,250,45.1,34.5,30.4
201,6,4,3,643,AG_SHSS-4,AG,SH,SHSS,6,1,3,2018,25,250,41.8,31.3,26.2
201,6,4,3,643,AG_SHSS-4,AG,SH,SHSS,6,1,3,2018,42,420,44.5,34,29.6
201,6,4,3,643,AG_SHSS-4,AG,SH,SHSS,6,1,3,2018,28,280,49.8,39.2,36.7
201,6,4,3,643,AG_SHSS-4,AG,SS,SHSS,6,1,3,2018,18,180,39.4,28.9,23.3
201,6,4,3,643,AG_SHSS-4,AG,SS,SHSS,6,1,3,2018,30,300,36.1,25.6,19.4
201,6,4,3,643,AG_SHSS-4,AG,SS,SHSS,6,1,3,2018,20,200,46.8,36.2,32.6
202,6,4,4,644,AG_VB-4,AG,VB,VB,6,1,3,2018,15,150,53.1,42.5,41.3
202,6,4,4,644,AG_VB-4,AG,VB,VB,6,1,3,2018,40,400,49.1,38.5,35.7
202,6,4,4,644,AG_VB-4,AG,VB,VB,6,1,3,2018,27,270,52.1,41.5,39.9
203,6,4,5,645,AG_SS-4,AG,SS,SS,6,1,3,2018,13,130,44.5,34,29.6
203,6,4,5,645,AG_SS-4,AG,SS,SS,6,1,3,2018,22,220,30.3,19.9,13.1
203,6,4,5,645,AG_SS-4,AG,SS,SS,6,1,3,2018,20,200,36.5,26,19.9
204,6,4,6,646,AG_SH-4,AG,SH,SH,6,1,3,2018,15,150,48.1,37.5,34.4
204,6,4,6,646,AG_SH-4,AG,SH,SH,6,1,3,2018,35,350,49.9,39.3,36.8
204,6,4,6,646,AG_SH-4,AG,SH,SH,6,1,3,2018,22,220,51.8,41.2,39.5
205,6,5,1,651,AG_VB-5,AG,VB,VB,6,1,3,2018,14,140,45.5,34.9,30.9
205,6,5,1,651,AG_VB-5,AG,VB,VB,6,1,3,2018,40,400,47.6,37,33.7
205,6,5,1,651,AG_VB-5,AG,VB,VB,6,1,3,2018,33,330,37.5,27,21
206,6,5,2,652,AG_SSVB-5,AG,SS,SSVB,6,1,3,2018,8,80,33.3,22.9,16.3
206,6,5,2,652,AG_SSVB-5,AG,SS,SSVB,6,1,3,2018,25,250,34.6,24.2,17.7
206,6,5,2,652,AG_SSVB-5,AG,SS,SSVB,6,1,3,2018,17,170,38.5,28,22.2
206,6,5,2,652,AG_SSVB-5,AG,VB,SSVB,6,1,3,2018,15,150,45.8,35.2,31.3
206,6,5,2,652,AG_SSVB-5,AG,VB,SSVB,6,1,3,2018,45,450,53.7,43.1,42.2
206,6,5,2,652,AG_SSVB-5,AG,VB,SSVB,6,1,3,2018,25,250,48.4,37.8,34.8
207,6,5,3,653,AG_SH-5,AG,SH,SH,6,1,3,2018,17,170,45.8,35.2,31.3
207,6,5,3,653,AG_SH-5,AG,SH,SH,6,1,3,2018,40,400,52.8,42.2,40.9
207,6,5,3,653,AG_SH-5,AG,SH,SH,6,1,3,2018,32,320,53.1,42.5,41.3
208,6,5,4,654,AG_SHSS-5,AG,SH,SHSS,6,1,3,2018,12,120,47.2,36.6,33.2
208,6,5,4,654,AG_SHSS-5,AG,SH,SHSS,6,1,3,2018,35,350,53.2,42.6,41.5
208,6,5,4,654,AG_SHSS-5,AG,SH,SHSS,6,1,3,2018,25,250,51.6,41,39.2
208,6,5,4,654,AG_SHSS-5,AG,SS,SHSS,6,1,3,2018,14,140,33.8,23.4,16.8
208,6,5,4,654,AG_SHSS-5,AG,SS,SHSS,6,1,3,2018,22,220,40,29.5,24
208,6,5,4,654,AG_SHSS-5,AG,SS,SHSS,6,1,3,2018,15,150,38.8,28.3,22.6
209,6,5,5,655,AG_SHVB-5,AG,SH,SHVB,6,1,3,2018,18,180,44.4,33.9,29.5
209,6,5,5,655,AG_SHVB-5,AG,SH,SHVB,6,1,3,2018,40,400,47.2,36.6,33.2
209,6,5,5,655,AG_SHVB-5,AG,SH,SHVB,6,1,3,2018,25,250,54.3,43.7,43.1
209,6,5,5,655,AG_SHVB-5,AG,VB,SHVB,6,1,3,2018,15,150,55,44.3,44.1
209,6,5,5,655,AG_SHVB-5,AG,VB,SHVB,6,1,3,2018,50,500,49.8,39.2,36.7
209,6,5,5,655,AG_SHVB-5,AG,VB,SHVB,6,1,3,2018,35,350,51.5,40.9,39.1
210,6,5,6,656,AG_SS-5,AG,SS,SS,6,1,3,2018,12,120,35.6,25.1,18.8
210,6,5,6,656,AG_SS-5,AG,SS,SS,6,1,3,2018,20,200,40.8,30.3,25
210,6,5,6,656,AG_SS-5,AG,SS,SS,6,1,3,2018,15,150,40.1,29.6,24.1
211,6,6,1,661,AG_SHSS-6,AG,SH,SHSS,6,1,3,2018,20,200,49.6,39,36.4
211,6,6,1,661,AG_SHSS-6,AG,SH,SHSS,6,1,3,2018,27,270,42.1,31.6,26.6
211,6,6,1,661,AG_SHSS-6,AG,SH,SHSS,6,1,3,2018,25,250,33.4,23,16.4
211,6,6,1,661,AG_SHSS-6,AG,SS,SHSS,6,1,3,2018,14,140,30.3,19.9,13.1
211,6,6,1,661,AG_SHSS-6,AG,SS,SHSS,6,1,3,2018,22,220,35.6,25.1,18.8
211,6,6,1,661,AG_SHSS-6,AG,SS,SHSS,6,1,3,2018,17,170,43.3,32.8,28.1
212,6,6,2,662,AG_VB-6,AG,VB,VB,6,1,3,2018,15,150,44.6,34.1,29.8
212,6,6,2,662,AG_VB-6,AG,VB,VB,6,1,3,2018,50,500,45.3,34.7,30.7
212,6,6,2,662,AG_VB-6,AG,VB,VB,6,1,3,2018,37,370,45.6,35,31.1
213,6,6,3,663,AG_SS-6,AG,SS,SS,6,1,3,2018,14,140,42.4,31.9,27
213,6,6,3,663,AG_SS-6,AG,SS,SS,6,1,3,2018,24,240,41,30.5,25.2
213,6,6,3,663,AG_SS-6,AG,SS,SS,6,1,3,2018,15,150,40.6,30.1,24.7
214,6,6,4,664,AG_SH-6,AG,SH,SH,6,1,3,2018,15,150,48.8,38.2,35.3
214,6,6,4,664,AG_SH-6,AG,SH,SH,6,1,3,2018,40,400,45.6,35,31.1
214,6,6,4,664,AG_SH-6,AG,SH,SH,6,1,3,2018,25,250,53.8,43.2,42.4
215,6,6,5,665,AG_SSVB-6,AG,SS,SSVB,6,1,3,2018,15,150,31.5,21.1,14.3
215,6,6,5,665,AG_SSVB-6,AG,SS,SSVB,6,1,3,2018,27,270,41.2,30.7,25.5
215,6,6,5,665,AG_SSVB-6,AG,SS,SSVB,6,1,3,2018,22,220,40.1,29.6,24.1
215,6,6,5,665,AG_SSVB-6,AG,VB,SSVB,6,1,3,2018,17,170,53.6,43,42.1
215,6,6,5,665,AG_SSVB-6,AG,VB,SSVB,6,1,3,2018,38,380,47,36.4,32.9
215,6,6,5,665,AG_SSVB-6,AG,VB,SSVB,6,1,3,2018,33,330,50.5,39.9,37.7
216,6,6,6,666,AG_SHVB-6,AG,SH,SHVB,6,1,3,2018,17,170,55,44.3,44.1
216,6,6,6,666,AG_SHVB-6,AG,SH,SHVB,6,1,3,2018,35,350,33.5,23.1,16.5
216,6,6,6,666,AG_SHVB-6,AG,SH,SHVB,6,1,3,2018,25,250,48.8,38.2,35.3
216,6,6,6,666,AG_SHVB-6,AG,VB,SHVB,6,1,3,2018,14,140,37.9,27.4,21.5
216,6,6,6,666,AG_SHVB-6,AG,VB,SHVB,6,1,3,2018,36,360,50.3,39.7,37.4
216,6,6,6,666,AG_SHVB-6,AG,VB,SHVB,6,1,3,2018,27,270,37.1,26.6,20.6
145,5,1,1,511,SP_SHVB-1,SP,SH,SHVB,8,1,15,2018,7,70,NA,NA,NA
145,5,1,1,511,SP_SHVB-1,SP,SH,SHVB,8,1,15,2018,11,110,NA,NA,NA
145,5,1,1,511,SP_SHVB-1,SP,SH,SHVB,8,1,15,2018,8,80,NA,NA,NA
145,5,1,1,511,SP_SHVB-1,SP,VB,SHVB,8,1,15,2018,15,150,52.4,41.8,40.3
145,5,1,1,511,SP_SHVB-1,SP,VB,SHVB,8,1,15,2018,28,280,47.7,37.1,33.8
145,5,1,1,511,SP_SHVB-1,SP,VB,SHVB,8,1,15,2018,17.5,175,33.3,22.9,16.3
146,5,1,2,512,SP_SSVB-1,SP,SS,SSVB,8,1,15,2018,14,140,27.6,17.2,10.3
146,5,1,2,512,SP_SSVB-1,SP,SS,SSVB,8,1,15,2018,30,300,22.2,11.9,5.2
146,5,1,2,512,SP_SSVB-1,SP,SS,SSVB,8,1,15,2018,18,180,28.7,18.3,11.4
146,5,1,2,512,SP_SSVB-1,SP,VB,SSVB,8,1,15,2018,12,120,41.9,31.4,26.3
146,5,1,2,512,SP_SSVB-1,SP,VB,SSVB,8,1,15,2018,20,200,45.1,34.5,30.4
146,5,1,2,512,SP_SSVB-1,SP,VB,SSVB,8,1,15,2018,14,140,30.8,20.4,13.6
147,5,1,3,513,SP_SHSS-1,SP,SS,SHSS,8,1,15,2018,11,110,25.3,14.9,8.1
147,5,1,3,513,SP_SHSS-1,SP,SS,SHSS,8,1,15,2018,29,290,27.2,16.8,9.9
147,5,1,3,513,SP_SHSS-1,SP,SS,SHSS,8,1,15,2018,21,210,29.3,18.9,12
148,5,1,4,514,SP_SS-1,SP,SS,SS,8,1,15,2018,9,90,20.1,9.8,3.3
148,5,1,4,514,SP_SS-1,SP,SS,SS,8,1,15,2018,24,240,29.2,18.8,11.9
148,5,1,4,514,SP_SS-1,SP,SS,SS,8,1,15,2018,19,190,28.5,18.1,11.2
151,5,2,1,521,SP_SHSS-2,SP,SH,SHSS,8,1,15,2018,12,120,48.7,38.1,35.2
151,5,2,1,521,SP_SHSS-2,SP,SH,SHSS,8,1,15,2018,18,180,NA,NA,NA
151,5,2,1,521,SP_SHSS-2,SP,SH,SHSS,8,1,15,2018,16,160,NA,NA,NA
151,5,2,1,521,SP_SHSS-2,SP,SS,SHSS,8,1,15,2018,9,90,26.4,16,9.1
151,5,2,1,521,SP_SHSS-2,SP,SS,SHSS,8,1,15,2018,26,260,28.8,18.4,11.5
151,5,2,1,521,SP_SHSS-2,SP,SS,SHSS,8,1,15,2018,22,220,34.2,23.8,17.3
152,5,2,2,522,SP_SS-2,SP,SS,SS,8,1,15,2018,10,100,33.6,23.2,16.6
152,5,2,2,522,SP_SS-2,SP,SS,SS,8,1,15,2018,28,280,28.1,17.7,10.8
152,5,2,2,522,SP_SS-2,SP,SS,SS,8,1,15,2018,19,190,21.9,11.6,4.9
153,5,2,3,523,SP_SHVB-2,SP,VB,SHVB,8,1,15,2018,12,120,51.1,40.5,38.5
153,5,2,3,523,SP_SHVB-2,SP,VB,SHVB,8,1,15,2018,21,210,40.6,30.1,24.7
153,5,2,3,523,SP_SHVB-2,SP,VB,SHVB,8,1,15,2018,15,150,53,42.4,41.2
154,5,2,4,524,SP_VB-2,SP,VB,VB,8,1,15,2018,9,90,36.9,26.4,20.3
154,5,2,4,524,SP_VB-2,SP,VB,VB,8,1,15,2018,40,400,52.2,41.6,40.1
154,5,2,4,524,SP_VB-2,SP,VB,VB,8,1,15,2018,19,190,43.5,33,28.3
156,5,2,6,526,VF_SSVB-2,SP,SS,SSVB,8,1,15,2018,8,80,23,12.7,5.9
156,5,2,6,526,VF_SSVB-2,SP,SS,SSVB,8,1,15,2018,18,180,30.5,20.1,13.3
156,5,2,6,526,VF_SSVB-2,SP,SS,SSVB,8,1,15,2018,15,150,32.2,21.8,15.1
156,5,2,6,526,VF_SSVB-2,SP,VB,SSVB,8,1,15,2018,12,120,36,25.5,19.3
156,5,2,6,526,VF_SSVB-2,SP,VB,SSVB,8,1,15,2018,28,280,36.5,26,19.9
156,5,2,6,526,VF_SSVB-2,SP,VB,SSVB,8,1,15,2018,19,190,46.9,36.3,32.8
157,5,3,1,531,SP_SS-3,SP,SS,SS,8,1,15,2018,10,100,26.4,16,9.1
157,5,3,1,531,SP_SS-3,SP,SS,SS,8,1,15,2018,21,210,29.5,19.1,12.3
157,5,3,1,531,SP_SS-3,SP,SS,SS,8,1,15,2018,16,160,19.6,NA,NA
158,5,3,2,532,SP_SHVB-3,SP,VB,SHVB,8,1,15,2018,9,90,36,25.5,19.3
158,5,3,2,532,SP_SHVB-3,SP,VB,SHVB,8,1,15,2018,29,290,34.2,23.8,17.3
158,5,3,2,532,SP_SHVB-3,SP,VB,SHVB,8,1,15,2018,15,150,29.4,19,12.1
159,5,3,3,533,SP_SSVB-3,SP,SS,SSVB,8,1,15,2018,10,100,27.7,17.3,10.4
159,5,3,3,533,SP_SSVB-3,SP,SS,SSVB,8,1,15,2018,20,200,32.5,22.1,15.4
159,5,3,3,533,SP_SSVB-3,SP,SS,SSVB,8,1,15,2018,14,140,24.5,14.2,7.3
159,5,3,3,533,SP_SSVB-3,SP,VB,SSVB,8,1,15,2018,10,100,37.9,27.4,21.5
159,5,3,3,533,SP_SSVB-3,SP,VB,SSVB,8,1,15,2018,20,200,37,26.5,20.5
159,5,3,3,533,SP_SSVB-3,SP,VB,SSVB,8,1,15,2018,15,150,34.8,24.4,17.9
161,5,3,5,535,SP_SHSS-3,SP,SS,SHSS,8,1,15,2018,8,80,33,22.6,16
161,5,3,5,535,SP_SHSS-3,SP,SS,SHSS,8,1,15,2018,23,230,28.7,18.3,11.4
161,5,3,5,535,SP_SHSS-3,SP,SS,SHSS,8,1,15,2018,17,170,23.2,12.9,6.1
162,5,3,6,536,SP_VB-3,SP,VB,VB,8,1,15,2018,8,80,30.9,20.5,13.7
162,5,3,6,536,SP_VB-3,SP,VB,VB,8,1,15,2018,29,290,40.2,29.7,24.2
162,5,3,6,536,SP_VB-3,SP,VB,VB,8,1,15,2018,17,170,40.7,30.2,24.9
163,5,4,1,541,SP_VB-4,SP,VB,VB,8,1,15,2018,12,120,25.4,15,8.2
163,5,4,1,541,SP_VB-4,SP,VB,VB,8,1,15,2018,20,200,33.1,22.7,16.1
163,5,4,1,541,SP_VB-4,SP,VB,VB,8,1,15,2018,14,140,43.3,32.8,28.1
165,5,4,3,543,SP_SS-4,SP,SS,SS,8,1,15,2018,8,80,31.7,21.3,14.6
165,5,4,3,543,SP_SS-4,SP,SS,SS,8,1,15,2018,40,400,26.8,16.4,9.5
165,5,4,3,543,SP_SS-4,SP,SS,SS,8,1,15,2018,19,190,29.8,19.4,12.6
166,5,4,4,544,SP_SHVB-4,SP,VB,SHVB,8,1,15,2018,10,100,56.6,45.9,46.5
166,5,4,4,544,SP_SHVB-4,SP,VB,SHVB,8,1,15,2018,26,260,29.4,19,12.1
166,5,4,4,544,SP_SHVB-4,SP,VB,SHVB,8,1,15,2018,20,200,30.7,20.3,13.5
167,5,4,5,545,SP_SSVB-4,SP,SS,SSVB,8,1,15,2018,10,100,60.3,49.6,52.1
167,5,4,5,545,SP_SSVB-4,SP,SS,SSVB,8,1,15,2018,26,260,20.3,10,3.5
167,5,4,5,545,SP_SSVB-4,SP,SS,SSVB,8,1,15,2018,20,200,23.6,13.3,6.5
167,5,4,5,545,SP_SSVB-4,SP,VB,SSVB,8,1,15,2018,8,80,31.7,21.3,14.6
167,5,4,5,545,SP_SSVB-4,SP,VB,SSVB,8,1,15,2018,30,300,44.9,34.4,30.1
167,5,4,5,545,SP_SSVB-4,SP,VB,SSVB,8,1,15,2018,14,140,43.8,33.3,28.7
168,5,4,6,546,SP_SHSS-4,SP,SS,SHSS,8,1,15,2018,10,100,22.8,12.5,5.7
168,5,4,6,546,SP_SHSS-4,SP,SS,SHSS,8,1,15,2018,26,260,20.7,10.4,3.9
168,5,4,6,546,SP_SHSS-4,SP,SS,SHSS,8,1,15,2018,20,200,34.3,23.9,17.4
170,5,5,2,552,SP_SHSS-5,SP,SS,SHSS,8,1,15,2018,9,90,20.8,10.5,4
170,5,5,2,552,SP_SHSS-5,SP,SS,SHSS,8,1,15,2018,20,200,24.8,14.5,7.6
170,5,5,2,552,SP_SHSS-5,SP,SS,SHSS,8,1,15,2018,18,180,21.9,11.6,4.9
171,5,5,3,553,SP_VB-5,SP,VB,VB,8,1,15,2018,10,100,46.9,36.3,32.8
171,5,5,3,553,SP_VB-5,SP,VB,VB,8,1,15,2018,28,280,44.3,33.8,29.4
171,5,5,3,553,SP_VB-5,SP,VB,VB,8,1,15,2018,20,200,61.7,51,54.4
172,5,5,4,554,SP_SSVB-5,SP,SS,SSVB,8,1,15,2018,12,120,25.9,15.5,8.7
172,5,5,4,554,SP_SSVB-5,SP,SS,SSVB,8,1,15,2018,30,300,26.3,15.9,9
172,5,5,4,554,SP_SSVB-5,SP,SS,SSVB,8,1,15,2018,19,190,41.1,30.6,25.3
172,5,5,4,554,SP_SSVB-5,SP,VB,SSVB,8,1,15,2018,11,110,39.2,28.7,23
172,5,5,4,554,SP_SSVB-5,SP,VB,SSVB,8,1,15,2018,30,300,34.5,24.1,17.6
172,5,5,4,554,SP_SSVB-5,SP,VB,SSVB,8,1,15,2018,18,180,43.2,32.7,28
173,5,5,5,555,SP_SHVB-5,SP,VB,SHVB,8,1,15,2018,11,110,46.5,35.9,32.2
173,5,5,5,555,SP_SHVB-5,SP,VB,SHVB,8,1,15,2018,26,260,50.7,40.1,37.9
173,5,5,5,555,SP_SHVB-5,SP,VB,SHVB,8,1,15,2018,16,160,51.8,41.2,39.5
174,5,5,6,556,SP_SS-5,SP,SS,SS,8,1,15,2018,12,120,27.5,17.1,10.2
174,5,5,6,556,SP_SS-5,SP,SS,SS,8,1,15,2018,26,260,19.5,NA,NA
174,5,5,6,556,SP_SS-5,SP,SS,SS,8,1,15,2018,18,180,22.1,11.8,5.1
175,5,6,1,561,SP_SSVB-6,SP,SS,SSVB,8,1,15,2018,9,90,28.8,18.4,11.5
175,5,6,1,561,SP_SSVB-6,SP,SS,SSVB,8,1,15,2018,24,240,29,18.6,11.7
175,5,6,1,561,SP_SSVB-6,SP,SS,SSVB,8,1,15,2018,12,120,24.3,14,7.1
175,5,6,1,561,SP_SSVB-6,SP,VB,SSVB,8,1,15,2018,11,110,35,24.5,18.2
175,5,6,1,561,SP_SSVB-6,SP,VB,SSVB,8,1,15,2018,15,150,42.8,32.3,27.5
175,5,6,1,561,SP_SSVB-6,SP,VB,SSVB,8,1,15,2018,12,120,35.6,25.1,18.8
176,5,6,2,562,SP_VB-6,SP,VB,VB,8,1,15,2018,9,90,45.7,35.1,31.2
176,5,6,2,562,SP_VB-6,SP,VB,VB,8,1,15,2018,24,240,44.7,34.2,29.9
176,5,6,2,562,SP_VB-6,SP,VB,VB,8,1,15,2018,13,130,42.4,31.9,27
179,5,6,5,565,SP_SS-6,SP,SS,SS,8,1,15,2018,15,150,34.2,23.8,17.3
179,5,6,5,565,SP_SS-6,SP,SS,SS,8,1,15,2018,30,300,29.9,19.5,12.7
179,5,6,5,565,SP_SS-6,SP,SS,SS,8,1,15,2018,22,220,30.6,20.2,13.4
181,6,1,1,611,AG_SS-1,AG,SS,SS,8,1,15,2018,15,150,22.5,12.2,5.5
181,6,1,1,611,AG_SS-1,AG,SS,SS,8,1,15,2018,55,550,37.8,27.3,21.4
181,6,1,1,611,AG_SS-1,AG,SS,SS,8,1,15,2018,25,250,15.9,NA,NA
182,6,1,2,612,AG_SH-1,AG,SH,SH,8,1,15,2018,30,300,43.8,33.3,28.7
182,6,1,2,612,AG_SH-1,AG,SH,SH,8,1,15,2018,80,800,58,47.3,48.6
182,6,1,2,612,AG_SH-1,AG,SH,SH,8,1,15,2018,48,480,54.3,43.7,43.1
183,6,1,3,613,AG_SSVB-1,AG,SS,SSVB,8,1,15,2018,20,200,32.2,21.8,15.1
183,6,1,3,613,AG_SSVB-1,AG,SS,SSVB,8,1,15,2018,55,550,27.8,17.4,10.5
183,6,1,3,613,AG_SSVB-1,AG,SS,SSVB,8,1,15,2018,40,400,31.2,20.8,14
183,6,1,3,613,AG_SSVB-1,AG,VB,SSVB,8,1,15,2018,20,200,52.3,41.7,40.2
183,6,1,3,613,AG_SSVB-1,AG,VB,SSVB,8,1,15,2018,27,270,48.3,37.7,34.6
183,6,1,3,613,AG_SSVB-1,AG,VB,SSVB,8,1,15,2018,23,230,55.6,44.9,45
184,6,1,4,614,AG_SHVB-1,AG,SH,SHVB,8,1,15,2018,25,250,43.8,33.3,28.7
184,6,1,4,614,AG_SHVB-1,AG,SH,SHVB,8,1,15,2018,85,850,51.9,41.3,39.6
184,6,1,4,614,AG_SHVB-1,AG,SH,SHVB,8,1,15,2018,70,700,51.2,40.6,38.6
184,6,1,4,614,AG_SHVB-1,AG,VB,SHVB,8,1,15,2018,17,170,58.2,47.5,48.9
184,6,1,4,614,AG_SHVB-1,AG,VB,SHVB,8,1,15,2018,55,550,53.5,42.9,41.9
184,6,1,4,614,AG_SHVB-1,AG,VB,SHVB,8,1,15,2018,30,300,53.8,43.2,42.4
185,6,1,5,615,AG_SHSS-1,AG,SH,SHSS,8,1,15,2018,15,150,49.8,39.2,36.7
185,6,1,5,615,AG_SHSS-1,AG,SH,SHSS,8,1,15,2018,85,850,52.1,41.5,39.9
185,6,1,5,615,AG_SHSS-1,AG,SH,SHSS,8,1,15,2018,80,800,56.5,45.8,46.3
185,6,1,5,615,AG_SHSS-1,AG,SS,SHSS,8,1,15,2018,31,310,35.7,25.2,19
185,6,1,5,615,AG_SHSS-1,AG,SS,SHSS,8,1,15,2018,60,600,35.6,25.1,18.8
185,6,1,5,615,AG_SHSS-1,AG,SS,SHSS,8,1,15,2018,40,400,32.3,21.9,15.2
186,6,1,6,616,AG_VB-1,AG,VB,VB,8,1,15,2018,20,200,40.5,30,24.6
186,6,1,6,616,AG_VB-1,AG,VB,VB,8,1,15,2018,33,330,42.3,31.8,26.8
186,6,1,6,616,AG_VB-1,AG,VB,VB,8,1,15,2018,25,250,50.6,40,37.8
187,6,2,1,621,AG_SH-2,AG,SH,SH,8,1,15,2018,20,200,46.4,35.8,32.1
187,6,2,1,621,AG_SH-2,AG,SH,SH,8,1,15,2018,72,720,58.2,47.5,48.9
187,6,2,1,621,AG_SH-2,AG,SH,SH,8,1,15,2018,40,400,44,33.5,29
188,6,2,2,622,AG_SHSS-2,AG,SH,SHSS,8,1,15,2018,30,300,43.4,32.9,28.2
188,6,2,2,622,AG_SHSS-2,AG,SH,SHSS,8,1,15,2018,65,650,52.1,41.5,39.9
188,6,2,2,622,AG_SHSS-2,AG,SH,SHSS,8,1,15,2018,50,500,51.8,41.2,39.5
188,6,2,2,622,AG_SHSS-2,AG,SS,SHSS,8,1,15,2018,27,270,30,19.6,12.8
188,6,2,2,622,AG_SHSS-2,AG,SS,SHSS,8,1,15,2018,40,400,38.4,27.9,22.1
188,6,2,2,622,AG_SHSS-2,AG,SS,SHSS,8,1,15,2018,35,350,30.3,19.9,13.1
189,6,2,3,623,AG_SHVB-2,AG,SH,SHVB,8,1,15,2018,20,200,54.4,43.8,43.2
189,6,2,3,623,AG_SHVB-2,AG,SH,SHVB,8,1,15,2018,70,700,22,11.7,5
189,6,2,3,623,AG_SHVB-2,AG,SH,SHVB,8,1,15,2018,55,550,53.5,42.9,41.9
189,6,2,3,623,AG_SHVB-2,AG,VB,SHVB,8,1,15,2018,22,220,56.8,46.1,46.8
189,6,2,3,623,AG_SHVB-2,AG,VB,SHVB,8,1,15,2018,35,350,54.9,44.3,44
189,6,2,3,623,AG_SHVB-2,AG,VB,SHVB,8,1,15,2018,27,270,51.9,41.3,39.6
190,6,2,4,624,AG_SS-2,AG,SS,SS,8,1,15,2018,23,230,34,23.6,17.1
190,6,2,4,624,AG_SS-2,AG,SS,SS,8,1,15,2018,47,470,34.5,24.1,17.6
190,6,2,4,624,AG_SS-2,AG,SS,SS,8,1,15,2018,35,350,36.7,26.2,20.1
191,6,2,5,625,AG_VB-2,AG,VB,VB,8,1,15,2018,20,200,51.6,41,39.2
191,6,2,5,625,AG_VB-2,AG,VB,VB,8,1,15,2018,33,330,50.9,40.3,38.2
191,6,2,5,625,AG_VB-2,AG,VB,VB,8,1,15,2018,27,270,45.3,34.7,30.7
192,6,2,6,626,AG_SSVB-2,AG,SS,SSVB,8,1,15,2018,20,200,27.3,16.9,10
192,6,2,6,626,AG_SSVB-2,AG,SS,SSVB,8,1,15,2018,45,450,30,19.6,12.8
192,6,2,6,626,AG_SSVB-2,AG,SS,SSVB,8,1,15,2018,30,300,35.3,24.8,18.5
192,6,2,6,626,AG_SSVB-2,AG,VB,SSVB,8,1,15,2018,22,220,50,39.4,37
192,6,2,6,626,AG_SSVB-2,AG,VB,SSVB,8,1,15,2018,43,430,51.5,40.9,39.1
192,6,2,6,626,AG_SSVB-2,AG,VB,SSVB,8,1,15,2018,27,270,51.8,41.2,39.5
193,6,3,1,631,AG_SHVB-3,AG,SH,SHVB,8,1,15,2018,15,150,48.8,38.2,35.3
193,6,3,1,631,AG_SHVB-3,AG,SH,SHVB,8,1,15,2018,55,550,49.5,38.9,36.3
193,6,3,1,631,AG_SHVB-3,AG,SH,SHVB,8,1,15,2018,34,340,43.4,32.9,28.2
193,6,3,1,631,AG_SHVB-3,AG,VB,SHVB,8,1,15,2018,10,100,44.4,33.9,29.5
193,6,3,1,631,AG_SHVB-3,AG,VB,SHVB,8,1,15,2018,33,330,51.1,40.5,38.5
193,6,3,1,631,AG_SHVB-3,AG,VB,SHVB,8,1,15,2018,25,250,40.3,29.8,24.4
194,6,3,2,632,AG_SS-3,AG,SS,SS,8,1,15,2018,15,150,33.8,23.4,16.8
194,6,3,2,632,AG_SS-3,AG,SS,SS,8,1,15,2018,38,380,29.2,18.8,11.9
194,6,3,2,632,AG_SS-3,AG,SS,SS,8,1,15,2018,30,300,30.7,20.3,13.5
195,6,3,3,633,AG_VB-3,AG,VB,VB,8,1,15,2018,7,70,38.1,27.6,21.7
195,6,3,3,633,AG_VB-3,AG,VB,VB,8,1,15,2018,33,330,47.7,37.1,33.8
195,6,3,3,633,AG_VB-3,AG,VB,VB,8,1,15,2018,25,250,43.9,33.4,28.9
196,6,3,4,634,AG_SSVB-3,AG,SS,SSVB,8,1,15,2018,15,150,35,24.5,18.2
196,6,3,4,634,AG_SSVB-3,AG,SS,SSVB,8,1,15,2018,67,670,30.5,20.1,13.3
196,6,3,4,634,AG_SSVB-3,AG,SS,SSVB,8,1,15,2018,37,370,26,15.6,8.8
196,6,3,4,634,AG_SSVB-3,AG,VB,SSVB,8,1,15,2018,18,180,52.8,42.2,40.9
196,6,3,4,634,AG_SSVB-3,AG,VB,SSVB,8,1,15,2018,27,270,46.7,36.1,32.5
196,6,3,4,634,AG_SSVB-3,AG,VB,SSVB,8,1,15,2018,21,210,39.1,28.6,22.9
197,6,3,5,635,AG_SH-3,AG,SH,SH,8,1,15,2018,22,220,53.8,43.2,42.4
197,6,3,5,635,AG_SH-3,AG,SH,SH,8,1,15,2018,75,750,48.4,37.8,34.8
197,6,3,5,635,AG_SH-3,AG,SH,SH,8,1,15,2018,47,470,52.7,42.1,40.8
198,6,3,6,636,AG_SHSS-3,AG,SH,SHSS,8,1,15,2018,17,170,54,43.4,42.6
198,6,3,6,636,AG_SHSS-3,AG,SH,SHSS,8,1,15,2018,70,700,51.7,41.1,39.4
198,6,3,6,636,AG_SHSS-3,AG,SH,SHSS,8,1,15,2018,37,370,32.5,22.1,15.4
198,6,3,6,636,AG_SHSS-3,AG,SS,SHSS,8,1,15,2018,15,150,31,20.6,13.8
198,6,3,6,636,AG_SHSS-3,AG,SS,SHSS,8,1,15,2018,31,310,29.7,19.3,12.5
198,6,3,6,636,AG_SHSS-3,AG,SS,SHSS,8,1,15,2018,23,230,40.1,29.6,24.1
199,6,4,1,641,AG_SSVB-4,AG,SS,SSVB,8,1,15,2018,10,100,32.4,22,15.3
199,6,4,1,641,AG_SSVB-4,AG,SS,SSVB,8,1,15,2018,27,270,33.4,23,16.4
199,6,4,1,641,AG_SSVB-4,AG,SS,SSVB,8,1,15,2018,22,220,40.9,30.4,25.1
199,6,4,1,641,AG_SSVB-4,AG,VB,SSVB,8,1,15,2018,8,80,45.9,35.3,31.4
199,6,4,1,641,AG_SSVB-4,AG,VB,SSVB,8,1,15,2018,30,300,54.8,44.2,43.8
199,6,4,1,641,AG_SSVB-4,AG,VB,SSVB,8,1,15,2018,20,200,35.3,24.8,18.5
200,6,4,2,642,AG_SHVB-4,AG,SH,SHVB,8,1,15,2018,20,200,40.9,30.4,25.1
200,6,4,2,642,AG_SHVB-4,AG,SH,SHVB,8,1,15,2018,50,500,45,34.5,30.3
200,6,4,2,642,AG_SHVB-4,AG,SH,SHVB,8,1,15,2018,35,350,53.2,42.6,41.5
200,6,4,2,642,AG_SHVB-4,AG,VB,SHVB,8,1,15,2018,12,120,52.4,41.8,40.3
200,6,4,2,642,AG_SHVB-4,AG,VB,SHVB,8,1,15,2018,30,300,48.5,37.9,34.9
200,6,4,2,642,AG_SHVB-4,AG,VB,SHVB,8,1,15,2018,20,200,42.9,32.4,27.6
201,6,4,3,643,AG_SHSS-4,AG,SH,SHSS,8,1,15,2018,20,200,46.5,35.9,32.2
201,6,4,3,643,AG_SHSS-4,AG,SH,SHSS,8,1,15,2018,65,650,52.5,41.9,40.5
201,6,4,3,643,AG_SHSS-4,AG,SH,SHSS,8,1,15,2018,35,350,43.7,33.2,28.6
201,6,4,3,643,AG_SHSS-4,AG,SS,SHSS,8,1,15,2018,15,150,32.5,22.1,15.4
201,6,4,3,643,AG_SHSS-4,AG,SS,SHSS,8,1,15,2018,40,400,32.4,22,15.3
201,6,4,3,643,AG_SHSS-4,AG,SS,SHSS,8,1,15,2018,30,300,41.2,30.7,25.5
202,6,4,4,644,AG_VB-4,AG,VB,VB,8,1,15,2018,10,100,38.5,28,22.2
202,6,4,4,644,AG_VB-4,AG,VB,VB,8,1,15,2018,30,300,38.1,27.6,21.7
202,6,4,4,644,AG_VB-4,AG,VB,VB,8,1,15,2018,20,200,30.6,20.2,13.4
203,6,4,5,645,AG_SS-4,AG,SS,SS,8,1,15,2018,11,110,28.2,17.8,10.9
203,6,4,5,645,AG_SS-4,AG,SS,SS,8,1,15,2018,33,330,27.4,17,10.1
203,6,4,5,645,AG_SS-4,AG,SS,SS,8,1,15,2018,20,200,25.9,15.5,8.7
204,6,4,6,646,AG_SH-4,AG,SH,SH,8,1,15,2018,14,140,48.8,38.2,35.3
204,6,4,6,646,AG_SH-4,AG,SH,SH,8,1,15,2018,40,400,34.8,24.4,17.9
204,6,4,6,646,AG_SH-4,AG,SH,SH,8,1,15,2018,22,220,40.9,30.4,25.1
205,6,5,1,651,AG_VB-5,AG,VB,VB,8,1,15,2018,13,130,56,45.3,45.6
205,6,5,1,651,AG_VB-5,AG,VB,VB,8,1,15,2018,40,400,56.5,45.8,46.3
205,6,5,1,651,AG_VB-5,AG,VB,VB,8,1,15,2018,25,250,46.3,35.7,32
206,6,5,2,652,AG_SSVB-5,AG,SS,SSVB,8,1,15,2018,6,60,25.1,14.7,7.9
206,6,5,2,652,AG_SSVB-5,AG,SS,SSVB,8,1,15,2018,35,350,31.3,20.9,14.1
206,6,5,2,652,AG_SSVB-5,AG,SS,SSVB,8,1,15,2018,22,220,39.2,28.7,23
206,6,5,2,652,AG_SSVB-5,AG,VB,SSVB,8,1,15,2018,8,80,54.4,43.8,43.2
206,6,5,2,652,AG_SSVB-5,AG,VB,SSVB,8,1,15,2018,26,260,41,30.5,25.2
206,6,5,2,652,AG_SSVB-5,AG,VB,SSVB,8,1,15,2018,19,190,42.6,32.1,27.2
207,6,5,3,653,AG_SH-5,AG,SH,SH,8,1,15,2018,20,200,43.1,32.6,27.8
207,6,5,3,653,AG_SH-5,AG,SH,SH,8,1,15,2018,55,550,54.5,43.9,43.4
207,6,5,3,653,AG_SH-5,AG,SH,SH,8,1,15,2018,37,370,37.5,27,21
208,6,5,4,654,AG_SHSS-5,AG,SH,SHSS,8,1,15,2018,20,200,48,37.4,34.2
208,6,5,4,654,AG_SHSS-5,AG,SH,SHSS,8,1,15,2018,55,550,45.7,35.1,31.2
208,6,5,4,654,AG_SHSS-5,AG,SH,SHSS,8,1,15,2018,25,250,45.9,35.3,31.4
208,6,5,4,654,AG_SHSS-5,AG,SS,SHSS,8,1,15,2018,15,150,35.6,25.1,18.8
208,6,5,4,654,AG_SHSS-5,AG,SS,SHSS,8,1,15,2018,28,280,31.2,20.8,14
208,6,5,4,654,AG_SHSS-5,AG,SS,SHSS,8,1,15,2018,22,220,28.4,18,11.1
209,6,5,5,655,AG_SHVB-5,AG,SH,SHVB,8,1,15,2018,20,200,44,33.5,29
209,6,5,5,655,AG_SHVB-5,AG,SH,SHVB,8,1,15,2018,55,550,49.3,38.7,36
209,6,5,5,655,AG_SHVB-5,AG,SH,SHVB,8,1,15,2018,40,400,47.2,36.6,33.2
209,6,5,5,655,AG_SHVB-5,AG,VB,SHVB,8,1,15,2018,9,90,52.3,41.7,40.2
209,6,5,5,655,AG_SHVB-5,AG,VB,SHVB,8,1,15,2018,32,320,40,29.5,24
209,6,5,5,655,AG_SHVB-5,AG,VB,SHVB,8,1,15,2018,23,230,40.6,30.1,24.7
210,6,5,6,656,AG_SS-5,AG,SS,SS,8,1,15,2018,11,110,28,17.6,10.7
210,6,5,6,656,AG_SS-5,AG,SS,SS,8,1,15,2018,25,250,27.2,16.8,9.9
210,6,5,6,656,AG_SS-5,AG,SS,SS,8,1,15,2018,17,170,30.3,19.9,13.1
211,6,6,1,661,AG_SHSS-6,AG,SH,SHSS,8,1,15,2018,15,150,55,44.3,44.1
211,6,6,1,661,AG_SHSS-6,AG,SH,SHSS,8,1,15,2018,40,400,47.8,37.2,34
211,6,6,1,661,AG_SHSS-6,AG,SH,SHSS,8,1,15,2018,27,270,56.9,46.2,46.9
211,6,6,1,661,AG_SHSS-6,AG,SS,SHSS,8,1,15,2018,15,150,27,16.6,9.7
211,6,6,1,661,AG_SHSS-6,AG,SS,SHSS,8,1,15,2018,26,260,36.8,26.3,20.2
211,6,6,1,661,AG_SHSS-6,AG,SS,SHSS,8,1,15,2018,20,200,33.1,22.7,16.1
212,6,6,2,662,AG_VB-6,AG,VB,VB,8,1,15,2018,11,110,40.8,30.3,25
212,6,6,2,662,AG_VB-6,AG,VB,VB,8,1,15,2018,32,320,43.8,33.3,28.7
212,6,6,2,662,AG_VB-6,AG,VB,VB,8,1,15,2018,25,250,47,36.4,32.9
213,6,6,3,663,AG_SS-6,AG,SS,SS,8,1,15,2018,14,140,28.2,17.8,10.9
213,6,6,3,663,AG_SS-6,AG,SS,SS,8,1,15,2018,32,320,31.4,21,14.2
213,6,6,3,663,AG_SS-6,AG,SS,SS,8,1,15,2018,20,200,37.8,27.3,21.4
214,6,6,4,664,AG_SH-6,AG,SH,SH,8,1,15,2018,18,180,52.2,41.6,40.1
214,6,6,4,664,AG_SH-6,AG,SH,SH,8,1,15,2018,55,550,42.7,32.2,27.3
214,6,6,4,664,AG_SH-6,AG,SH,SH,8,1,15,2018,31,310,52.7,42.1,40.8
215,6,6,5,665,AG_SSVB-6,AG,SS,SSVB,8,1,15,2018,12,120,32.8,22.4,15.7
215,6,6,5,665,AG_SSVB-6,AG,SS,SSVB,8,1,15,2018,33,330,26.2,15.8,9
215,6,6,5,665,AG_SSVB-6,AG,SS,SSVB,8,1,15,2018,22,220,36.4,25.9,19.8
215,6,6,5,665,AG_SSVB-6,AG,VB,SSVB,8,1,15,2018,11,110,39.9,29.4,23.9
215,6,6,5,665,AG_SSVB-6,AG,VB,SSVB,8,1,15,2018,28,280,46.6,36,32.4
215,6,6,5,665,AG_SSVB-6,AG,VB,SSVB,8,1,15,2018,20,200,47.6,37,33.7
216,6,6,6,666,AG_SHVB-6,AG,SH,SHVB,8,1,15,2018,15,150,50.6,40,37.8
216,6,6,6,666,AG_SHVB-6,AG,SH,SHVB,8,1,15,2018,40,400,41.5,31,25.8
216,6,6,6,666,AG_SHVB-6,AG,SH,SHVB,8,1,15,2018,27,270,45.4,34.8,30.8
216,6,6,6,666,AG_SHVB-6,AG,VB,SHVB,8,1,15,2018,10,100,47.9,37.3,34.1
216,6,6,6,666,AG_SHVB-6,AG,VB,SHVB,8,1,15,2018,31,310,53.3,42.7,41.6
216,6,6,6,666,AG_SHVB-6,AG,VB,SHVB,8,1,15,2018,19,190,34.9,24.5,18.1
